01000,PL,KANGAR,A
01007,PL,KANGAR,A
01009,PL,KANGAR,A
01500,PL,KANGAR,A
01502,PL,KANGAR,A
01503,PL,KANGAR,A
01504,PL,KANGAR,A
01505,PL,KANGAR,A
01506,PL,KANGAR,A
01508,PL,KANGAR,A
01512,PL,KANGAR,A
01514,PL,KANGAR,A
01516,PL,KANGAR,A
01517,PL,KANGAR,A
01518,PL,KANGAR,A
01524,PL,KANGAR,A
01529,PL,KANGAR,A
01532,PL,KANGAR,A
01538,PL,KANGAR,A
01540,PL,KANGAR,A
01546,PL,KANGAR,A
01550,PL,KANGAR,A
01551,PL,KANGAR,A
01556,PL,KANGAR,A
01560,PL,KANGAR,A
01564,PL,KANGAR,A
01570,PL,KANGAR,A
01572,PL,KANGAR,A
01576,PL,KANGAR,A
01578,PL,KANGAR,A
01582,PL,KANGAR,A
01586,PL,KANGAR,A
01590,PL,KANGAR,A
01592,PL,KANGAR,A
01594,PL,KANGAR,A
01596,PL,KANGAR,A
01598,PL,KANGAR,A
01600,PL,KANGAR,A
01604,PL,KANGAR,A
01606,PL,KANGAR,A
01608,PL,KANGAR,A
01609,PL,KANGAR,A
01610,PL,KANGAR,A
01612,PL,KANGAR,A
01614,PL,KANGAR,A
01620,PL,KANGAR,A
01622,PL,KANGAR,A
01626,PL,KANGAR,A
01628,PL,KANGAR,A
01630,PL,KANGAR,A
01632,PL,KANGAR,A
01634,PL,KANGAR,A
01644,PL,KANGAR,A
01646,PL,KANGAR,A
01648,PL,KANGAR,A
01660,PL,KANGAR,A
01664,PL,KANGAR,A
01670,PL,KANGAR,A
01672,PL,KANGAR,A
01673,PL,KANGAR,A
01674,PL,KANGAR,A
01676,PL,KANGAR,A
01680,PL,KANGAR,A
01694,PL,KANGAR,A
02000,PL,KUALA PERLIS,A
02100,PL,PADANG BESAR,A
02200,PL,KAKI BUKIT,A
02400,PL,KANGAR,A
02450,PL,KANGAR,A
02500,PL,KANGAR,A
02600,PL,ARAU,A
02607,PL,ARAU,A
02609,PL,ARAU,A
02700,PL,SIMPANG AMPAT,A
02707,PL,SIMPANG AMPAT,A
02709,PL,SIMPANG AMPAT,A
02800,PL,SIMPANG AMPAT,A
039190,OT,SINGAPORE,A
05000,KD,ALOR SETAR,A
05050,KD,ALOR SETAR,A
05100,KD,ALOR SETAR,A
05150,KD,ALOR SETAR,A
05200,KD,ALOR SETAR,A
05250,KD,ALOR SETAR,A
05300,KD,ALOR SETAR,A
05350,KD,ALOR SETAR,A
05400,KD,ALOR SETAR,A
05460,KD,ALOR SETAR,A
05500,KD,ALOR SETAR,A
05502,KD,ALOR SETAR,A
05503,KD,ALOR SETAR,A
05504,KD,ALOR SETAR,A
05505,KD,ALOR SETAR,A
05506,KD,ALOR SETAR,A
05508,KD,ALOR SETAR,A
05512,KD,ALOR SETAR,A
05514,KD,ALOR SETAR,A
05516,KD,ALOR SETAR,A
05517,KD,ALOR SETAR,A
05518,KD,ALOR SETAR,A
05520,KD,ALOR SETAR,A
05532,KD,ALOR SETAR,A
05534,KD,ALOR SETAR,A
05536,KD,ALOR SETAR,A
05538,KD,ALOR SETAR,A
05550,KD,ALOR SETAR,A
05551,KD,ALOR SETAR,A
05552,KD,ALOR SETAR,A
05556,KD,ALOR SETAR,A
05558,KD,ALOR SETAR,A
05564,KD,ALOR SETAR,A
05576,KD,ALOR SETAR,A
05578,KD,ALOR SETAR,A
05580,KD,ALOR SETAR,A
05582,KD,ALOR SETAR,A
05586,KD,ALOR SETAR,A
05590,KD,ALOR SETAR,A
05592,KD,ALOR SETAR,A
05594,KD,ALOR SETAR,A
05596,KD,ALOR SETAR,A
05600,KD,ALOR SETAR,A
05604,KD,ALOR SETAR,A
05610,KD,ALOR SETAR,A
05612,KD,ALOR SETAR,A
05614,KD,ALOR SETAR,A
05620,KD,ALOR SETAR,A
05621,KD,ALOR SETAR,A
05622,KD,ALOR SETAR,A
05626,KD,ALOR SETAR,A
05628,KD,ALOR SETAR,A
05630,KD,ALOR SETAR,A
05632,KD,ALOR SETAR,A
05644,KD,ALOR SETAR,A
05660,KD,ALOR SETAR,A
05661,KD,ALOR SETAR,A
05664,KD,ALOR SETAR,A
05670,KD,ALOR SETAR,A
05672,KD,ALOR SETAR,A
05673,KD,ALOR SETAR,A
05674,KD,ALOR SETAR,A
05675,KD,ALOR SETAR,A
05676,KD,ALOR SETAR,A
05680,KD,ALOR SETAR,A
05690,KD,ALOR SETAR,A
05700,KD,ALOR SETAR,A
05710,KD,ALOR SETAR,A
05720,KD,ALOR SETAR,A
05990,KD,ALOR SETAR,A
06000,KD,JITRA,A
06007,KD,JITRA,A
06009,KD,JITRA,A
06010,KD,UNIVERSITI UTARA MALAYSIA,A
06050,KD,BUKIT KAYU HITAM,A
06100,KD,KODIANG,A
06150,KD,AYER HITAM,A
06200,KD,KEPALA BATAS,A
06207,KD,KEPALA BATAS,A
06209,KD,KEPALA BATAS,A
06250,KD,ALOR SETAR,A
06300,KD,KUALA NERANG,A
06350,KD,POKOK SENA,A
06400,KD,POKOK SENA,A
06500,KD,LANGGAR,A
06507,KD,LANGGAR,A
06509,KD,LANGGAR,A
06550,KD,ALOR SETAR,A
06570,KD,ALOR SETAR,A
06600,KD,KUALA KEDAH,A
06650,KD,SIMPANG EMPAT,A
06660,KD,ALOR SETAR,A
06700,KD,PENDANG,A
06707,KD,PENDANG,A
06709,KD,PENDANG,A
06710,KD,PENDANG,A
06720,KD,PENDANG,A
06750,KD,PENDANG,A
06760,KD,ALOR SETAR,A
06800,KD,KOTA SARANG SEMUT,A
06900,KD,YAN,A
06910,KD,YAN,A
07000,KD,LANGKAWI,A
07007,KD,LANGKAWI,A
07009,KD,LANGKAWI,A
08000,KD,SUNGAI PETANI,A
08007,KD,SUNGAI PETANI,A
08009,KD,SUNGAI PETANI,A
08010,KD,SUNGAI PETANI,A
08100,KD,BEDONG,A
08110,KD,BEDONG,A
08200,KD,SIK,A
08210,KD,SIK,A
08300,KD,GURUN,A
08320,KD,JENIANG,A
08330,KD,GURUN,A
08340,KD,SIK,A
08400,KD,MERBOK,A
08407,KD,MERBOK,A
08409,KD,MERBOK,A
08500,KD,KOTA KUALA MUDA,A
08507,KD,KOTA KUALA MUDA,A
08509,KD,KOTA KUALA MUDA,A
08600,KD,SUNGAI PETANI,A
08700,KD,JENIANG,A
08800,KD,GURUN,A
09000,KD,KULIM,A
09007,KD,KULIM,A
09009,KD,KULIM,A
09010,KD,KULIM,A
09020,KD,KULIM,A
09100,KD,BALING,A
09110,PN,BALING,A
09200,KD,KUPANG,A
09300,KD,KUALA KETIL,A
09310,KD,KUALA KETIL,A
09400,KD,PADANG SERAI,A
09410,KD,PADANG SERAI,A
09600,KD,LUNAS,A
09700,KD,KARANGAN,A
09800,KD,SERDANG,A
09810,KD,SERDANG,A
10000,PN,PULAU PINANG,A
10050,PN,PULAU PINANG,A
10100,PN,PULAU PINANG,A
10150,PN,GEORGETOWN,A
10200,PN,PULAU PINANG,A
10250,PN,PULAU PINANG,A
10300,PN,PULAU PINANG,A
10350,PN,PULAU PINANG,A
10400,PN,PULAU PINANG,A
10410,PN,LORONG MACALISTER,A
10450,PN,PULAU PINANG,A
10460,PN,PULAU PINANG,A
10470,PN,PULAU PINANG,A
10500,PN,PULAU PINANG,A
10502,PN,PULAU PINANG,A
10503,PN,PULAU PINANG,A
10504,PN,PULAU PINANG,A
10505,PN,PULAU PINANG,A
10506,PN,PULAU PINANG,A
10508,PN,PULAU PINANG,A
10512,PN,PULAU PINANG,A
10514,PN,PULAU PINANG,A
10516,PN,PULAU PINANG,A
10518,PN,PULAU PINANG,A
10524,PN,PULAU PINANG,A
10534,PN,PULAU PINANG,A
10538,PN,PULAU PINANG,A
10540,PN,PULAU PINANG,A
10542,PN,PULAU PINANG,A
10546,PN,PULAU PINANG,A
10550,PN,PULAU PINANG,A
10551,PN,PULAU PINANG,A
10552,PN,PULAU PINANG,A
10558,PN,PULAU PINANG,A
10560,PN,PULAU PINANG,A
10564,PN,PULAU PINANG,A
10566,PN,PULAU PINANG,A
10570,PN,PULAU PINANG,A
10576,PN,PULAU PINANG,A
10578,PN,PULAU PINANG,A
10582,PN,PULAU PINANG,A
10590,PN,PULAU PINANG,A
10592,PN,PULAU PINANG,A
10594,PN,PULAU PINANG,A
10596,PN,PULAU PINANG,A
10600,PN,PULAU PINANG,A
10604,PN,PULAU PINANG,A
10609,PN,PULAU PINANG,A
10610,PN,PULAU PINANG,A
10612,PN,PULAU PINANG,A
10620,PN,PULAU PINANG,A
10622,PN,PULAU PINANG,A
10626,PN,PULAU PINANG,A
10628,PN,PULAU PINANG,A
10634,PN,PULAU PINANG,A
10646,PN,PULAU PINANG,A
10648,PN,PULAU PINANG,A
10660,PN,PULAU PINANG,A
10661,PN,PULAU PINANG,A
10662,PN,PULAU PINANG,A
10668,PN,PULAU PINANG,A
10670,PN,PULAU PINANG,A
10672,PN,PULAU PINANG,A
10673,PN,PULAU PINANG,A
10674,PN,PULAU PINANG,A
10676,PN,PULAU PINANG,A
10690,PN,PULAU PINANG,A
10700,PN,PULAU PINANG,A
10710,PN,PULAU PINANG,A
10720,PN,PULAU PINANG,A
10730,PN,PULAU PINANG,A
10740,PN,PULAU PINANG,A
10750,PN,PULAU PINANG,A
10760,PN,PULAU PINANG,A
10770,PN,PULAU PINANG,A
10780,PN,PULAU PINANG,A
10790,PN,PULAU PINANG,A
10800,PN,PULAU PINANG,A
10810,PN,PULAU PINANG,A
10820,PN,PULAU PINANG,A
10830,PN,PULAU PINANG,A
10840,PN,PULAU PINANG,A
10850,PN,PULAU PINANG,A
10900,PN,PULAU PINANG,A
10910,PN,PULAU PINANG,A
10920,PN,PULAU PINANG,A
10990,PN,PULAU PINANG,A
11000,PN,BALIK PULAU,A
11020,PN,BALIK PULAU,A
11050,PN,TANJUNG BUNGAH,A
11060,PN,PULAU PINANG,A
11100,PN,BATU FERINGGI,A
11200,PN,TANJONG BUNGAH,A
11300,PN,PENANG HILL,A
11400,PN,PULAU PINANG,A
11409,PN,PULAU PINANG,A
11500,PN,AYER ITAM,A
11600,PN,GEORGETOWN,A
11609,PN,PULAU PINANG,A
11700,PN,GELUGOR,A
11800,PN,USM PULAU PINANG,A
11900,PN,BAYAN LEPAS,A
11910,PN,BAYAN LEPAS,A
11920,PN,BAYAN LEPAS,A
11950,PN,BAYAN LEPAS,A
11960,PN,BATU MAUNG,A
12000,PN,BUTTERWORTH,A
120345,OT,SINGAPORE,A
12100,PN,BUTTERWORTH,A
12200,PN,BUTTERWORTH,A
12300,PN,BUTTERWORTH,A
12700,PN,BUTTERWORTH,A
12710,PN,BUTTERWORTH,A
12720,PN,BUTTERWORTH,A
128464,OT,SINGAPORE,A
12990,PN,BUTTERWORTH,A
13000,PN,BUTTERWORTH,A
13009,PN,BUTTERWORTH,A
13020,PN,BUTTERWORTH,A
13050,PN,BUTTERWORTH,A
13100,PN,PENAGA,A
13110,PN,PENAGA,A
13200,PN,KEPALA BATAS,A
13210,PN,KEPALA BATAS,A
13220,PN,KEPALA BATAS,A
13300,PN,TASEK GELUGOR,A
13310,PN,TASEK GELUGOR,A
13400,PN,BUTTERWORTH,A
13409,PN,BUTTERWORTH,A
13500,PN,PERMATANG PAUH,A
13600,PN,PERAI,A
13700,PN,PERAI,A
13800,PN,BUTTERWORTH,A
14000,PN,BUKIT MERTAJAM,A
14007,PN,BUKIT MERTAJAM,A
14009,PN,BUKIT MERTAJAM,A
14020,PN,BUKIT MERTAJAM,A
14100,PN,SIMPANG AMPAT,A
14110,PN,SIMPANG AMPAT,A
14120,PN,SIMPANG AMPAT,A
14200,PN,SUNGAI JAWI,A
14300,PN,NIBONG TEBAL,A
14310,PN,NIBONG TEBAL,A
14320,PN,NIBONG TEBAL,A
14400,PN,KUBANG SEMANG,A
15000,KL,KOTA BHARU,A
15050,KL,KOTA BHARU,A
15100,KL,KOTA BHARU,A
15150,KL,KOTA BHARU,A
15159,KL,KOTA BHARU,A
15200,KL,KOTA BHARU,A
15300,KL,KOTA BHARU,A
15350,KL,KOTA BHARU,A
15400,KL,KOTA BHARU,A
15500,KL,KOTA BHARU,A
15502,KL,KOTA BHARU,A
15503,KL,KOTA BHARU,A
15504,KL,KOTA BHARU,A
15505,KL,KOTA BHARU,A
15506,KL,KOTA BHARU,A
15508,KL,KOTA BHARU,A
15512,KL,KOTA BHARU,A
15514,KL,KOTA BHARU,A
15516,KL,KOTA BHARU,A
15517,KL,KOTA BHARU,A
15518,KL,KOTA BHARU,A
15519,KL,KOTA BHARU,A
15520,KL,KOTA BHARU,A
15524,KL,KOTA BHARU,A
15529,KL,KOTA BHARU,A
15532,KL,KOTA BHARU,A
15534,KL,KOTA BHARU,A
15536,KL,KOTA BHARU,A
15538,KL,KOTA BHARU,A
15540,KL,KOTA BHARU,A
15546,KL,KOTA BHARU,A
15548,KL,KOTA BHARU,A
15550,KL,KOTA BHARU,A
15551,KL,KOTA BHARU,A
15556,KL,KOTA BHARU,A
15558,KL,KOTA BHARU,A
15560,KL,KOTA BHARU,A
15564,KL,KOTA BHARU,A
15570,KL,KOTA BHARU,A
15572,KL,KOTA BHARU,A
15576,KL,KOTA BHARU,A
15578,KL,KOTA BHARU,A
15582,KL,KOTA BHARU,A
15586,KL,KOTA BHARU,A
15590,KL,KOTA BHARU,A
15592,KL,KOTA BHARU,A
15594,KL,KOTA BHARU,A
15596,KL,KOTA BHARU,A
15600,KL,KOTA BHARU,A
15604,KL,KOTA BHARU,A
15606,KL,KOTA BHARU,A
15608,KL,KOTA BHARU,A
15609,KL,KOTA BHARU,A
15610,KL,KOTA BHARU,A
15612,KL,KOTA BHARU,A
15614,KL,KOTA BHARU,A
15620,KL,KOTA BHARU,A
15622,KL,KOTA BHARU,A
15624,KL,KOTA BHARU,A
15626,KL,KOTA BHARU,A
15628,KL,KOTA BHARU,A
15630,KL,KOTA BHARU,A
15632,KL,KOTA BHARU,A
15634,KL,KOTA BHARU,A
15644,KL,KOTA BHARU,A
15646,KL,KOTA BHARU,A
15648,KL,KOTA BHARU,A
15658,KL,KOTA BHARU,A
15660,KL,KOTA BHARU,A
15661,KL,KOTA BHARU,A
15662,KL,KOTA BHARU,A
15664,KL,KOTA BHARU,A
15670,KL,KOTA BHARU,A
15672,KL,KOTA BHARU,A
15673,KL,KOTA BHARU,A
15674,KL,KOTA BHARU,A
15676,KL,KOTA BHARU,A
15680,KL,KOTA BHARU,A
15690,KL,KOTA BHARU,A
15700,KL,KOTA BHARU,A
15710,KL,KOTA BHARU,A
15720,KL,KOTA BHARU,A
15730,KL,KOTA BHARU,A
15740,KL,KOTA BHARU,A
15810,OT,TENGGERANG,A
15988,KL,KOTA BHARU,A
15990,KL,KOTA BHARU,A
16010,KL,KOTA BHARU,A
16020,KL,KOTA BHARU,A
16030,KL,KOTA BHARU,A
16040,KL,KOTA BHARU,A
16050,KL,BACHOK,A
16060,KL,KOTA BHARU,A
16070,KL,KOTA BHARU,A
16080,KL,KOTA BHARU,A
16090,KL,KOTA BHARU,A
16100,KL,KOTA BHARU,A
16109,KL,KOTA BHARU,A
16150,KL,KOTA BHARU,A
16200,KL,TUMPAT,A
16210,KL,TUMPAT,A
16250,KL,WAKAF BHARU,A
16300,KL,BACHOK,A
16310,KL,BACHOK,A
16400,KL,MELOR,A
16410,KL,MELOR,A
16450,KL,KETEREH,A
16500,KL,KEM DESA PAHLAWAN,A
16600,KL,PULAI CHONDONG,A
16700,KL,CHERANG RUKU,A
16800,KL,PASIR PUTEH,A
16810,KL,SELISING,A
168751,OT,SINGAPORE,A
17000,KL,PASIR MAS,A
17007,KL,PASIR MAS,A
17009,KL,PASIR MAS,A
17010,KL,PASIR MAS,A
17020,KL,PASIR MAS,A
17030,KL,PASIR MAS,A
17040,KL,PASIR MAS,A
17050,KL,PASIR MAS,A
17060,KL,PASIR MAS,A
17070,KL,PASIR MAS,A
17200,KL,RANTAU PANJANG,A
17500,KL,TANAH MERAH,A
17507,KL,TANAH MERAH,A
17509,KL,TANAH MERAH,A
17510,KL,TANAH MERAH,A
17520,KL,TANAH MERAH,A
17600,KL,JELI,A
17610,KL,KUALA BALAH,A
17700,KL,AYER LANAS,A
18000,KL,KUALA KRAI,A
18010,KL,KUALA KRAI,A
18020,KL,KUALA KRAI,A
18050,KL,KUALA KRAI,A
18200,KL,DABONG,A
18300,KL,GUA MUSANG,A
18400,KL,TEMANGAN,A
18500,KL,MACHANG,A
20000,TR,KUALA TERENGGANU,A
200028,OT,SINGAPORE,A
20050,TR,KUALA TERENGGANU,A
20080,TR,KUALA TERENGGANU,A
20092,OT,MALE,A
20100,TR,KUALA TERENGGANU,A
20200,TR,KUALA TERENGGANU,A
20300,TR,KUALA TERENGGANU,A
20400,TR,KUALA TERENGGANU,A
20500,TR,KUALA TERENGGANU,A
20502,TR,KUALA TERENGGANU,A
20503,TR,KUALA TERENGGANU,A
20504,TR,KUALA TERENGGANU,A
20505,TR,KUALA TERENGGANU,A
20506,TR,KUALA TERENGGANU,A
20508,TR,KUALA TERENGGANU,A
20512,TR,KUALA TERENGGANU,A
20514,TR,KUALA TERENGGANU,A
20516,TR,KUALA TERENGGANU,A
20517,TR,KUALA TERENGGANU,A
20518,TR,KUALA TERENGGANU,A
20519,TR,KUALA TERENGGANU,A
20520,TR,KUALA TERENGGANU,A
20532,TR,KUALA TERENGGANU,A
20534,TR,KUALA TERENGGANU,A
20536,TR,KUALA TERENGGANU,A
20538,TR,KUALA TERENGGANU,A
20540,TR,KUALA TERENGGANU,A
20542,TR,KUALA TERENGGANU,A
20546,TR,KUALA TERENGGANU,A
20548,TR,KUALA TERENGGANU,A
20550,TR,KUALA TERENGGANU,A
20551,TR,KUALA TERENGGANU,A
20552,TR,KUALA TERENGGANU,A
20554,TR,KUALA TERENGGANU,A
20556,TR,KUALA TERENGGANU,A
20560,TR,KUALA TERENGGANU,A
20564,TR,KUALA TERENGGANU,A
20566,TR,KUALA TERENGGANU,A
20568,TR,KUALA TERENGGANU,A
20570,TR,KUALA TERENGGANU,A
20572,TR,KUALA TERENGGANU,A
20576,TR,KUALA TERENGGANU,A
20578,TR,KUALA TERENGGANU,A
20582,TR,KUALA TERENGGANU,A
20586,TR,KUALA TERENGGANU,A
20590,TR,KUALA TERENGGANU,A
20592,TR,KUALA TERENGGANU,A
20594,TR,KUALA TERENGGANU,A
20596,TR,KUALA TERENGGANU,A
20598,TR,KUALA TERENGGANU,A
20600,TR,KUALA TERENGGANU,A
20604,TR,KUALA TERENGGANU,A
20606,TR,KUALA TERENGGANU,A
20608,TR,KUALA TERENGGANU,A
20609,TR,KUALA TERENGGANU,A
20610,TR,KUALA TERENGGANU,A
20612,TR,KUALA TERENGGANU,A
20614,TR,KUALA TERENGGANU,A
20618,TR,KUALA TERENGGANU,A
20620,TR,KUALA TERENGGANU,A
20622,TR,KUALA TERENGGANU,A
20626,TR,KUALA TERENGGANU,A
20628,TR,KUALA TERENGGANU,A
20630,TR,KUALA TERENGGANU,A
20632,TR,KUALA TERENGGANU,A
20646,TR,KUALA TERENGGANU,A
20648,TR,KUALA TERENGGANU,A
20656,TR,KUALA TERENGGANU,A
20658,TR,KUALA TERENGGANU,A
20660,TR,KUALA TERENGGANU,A
20661,TR,KUALA TERENGGANU,A
20662,TR,KUALA TERENGGANU,A
20664,TR,KUALA TERENGGANU,A
20668,TR,KUALA TERENGGANU,A
20670,TR,KUALA TERENGGANU,A
20672,TR,KUALA TERENGGANU,A
20673,TR,KUALA TERENGGANU,A
20674,TR,KUALA TERENGGANU,A
20676,TR,KUALA TERENGGANU,A
20680,TR,KUALA TERENGGANU,A
20690,TR,KUALA TERENGGANU,A
20700,TR,KUALA TERENGGANU,A
20710,TR,KUALA TERENGGANU,A
20720,TR,KUALA TERENGGANU,A
20900,TR,KUALA TERENGGANU,A
20902,TR,KUALA TERENGGANU,A
20904,TR,KUALA TERENGGANU,A
20906,TR,KUALA TERENGGANU,A
20908,TR,KUALA TERENGGANU,A
20910,TR,KUALA TERENGGANU,A
20912,TR,KUALA TERENGGANU,A
20914,TR,KUALA TERENGGANU,A
20916,TR,KUALA TERENGGANU,A
20918,TR,KUALA TERENGGANU,A
20920,TR,KUALA TERENGGANU,A
20922,TR,KUALA TERENGGANU,A
20924,TR,KUALA TERENGGANU,A
20926,TR,KUALA TERENGGANU,A
20928,TR,KUALA TERENGGANU,A
20930,TR,KUALA TERENGGANU,A
20990,TR,KUALA TERENGGANU,A
21000,TR,KUALA TERENGGANU,A
21010,TR,KUALA TERENGGANU,A
21020,TR,KUALA TERENGGANU,A
21030,TR,KUALA TERENGGANU,A
21040,TR,KUALA TERENGGANU,A
21050,TR,KUALA TERENGGANU,A
21060,TR,KUALA TERENGGANU,A
21070,TR,KUALA TERENGGANU,A
21080,TR,KUALA TERENGGANU,A
21090,TR,KUALA TERENGGANU,A
21100,TR,KUALA TERENGGANU,A
21109,TR,KUALA TERENGGANU,A
21159,TR,KUALA TERENGGANU,A
21200,TR,KUALA TERENGGANU,A
21209,TR,KUALA TERENGGANU,A
21210,TR,KUALA TERENGGANU,A
21220,TR,KUALA TERENGGANU,A
21300,TR,KUALA TERENGGANU,A
21309,TR,KUALA TERENGGANU,A
21400,TR,KUALA TERENGGANU,A
21450,TR,KUALA TERENGGANU,A
21500,TR,KUALA TERENGGANU,A
21600,TR,MARANG,A
21610,TR,KUALA TERENGGANU,A
21700,TR,KUALA BERANG,A
21800,TR,AJIL,A
21810,TR,AJIL,A
21820,TR,AJIL,A
22000,TR,JERTEH,A
22010,TR,JERTEH,A
22020,TR,JERTEH,A
22030,TR,JERTEH,A
22040,TR,JERTEH,A
22100,TR,PERMAISURI,A
22107,TR,PERMAISURI,A
22109,TR,PERMAISURI,A
22110,TR,PERMAISURI,A
22120,TR,PERMAISURI,A
22200,TR,KAMPONG RAJA,A
22300,TR,KUALA BESUT,A
22307,TR,KUALA BESUT,A
22309,TR,KUALA BESUT,A
23000,TR,DUNGUN,A
23007,TR,DUNGUN,A
23009,TR,DUNGUN,A
23050,TR,DUNGUN,A
23100,TR,PAKA,A
23200,TR,BUKIT BESI,A
23300,TR,KETENGAH JAYA,A
23400,TR,AL MUKTATFI BILLAH SHAH,A
24000,TR,CUKAI,A
24007,TR,CUKAI,A
24009,TR,CUKAI,A
24010,TR,CUKAI,A
24020,TR,CUKAI,A
24030,TR,CUKAI,A
24040,TR,CUKAI,A
24050,TR,CUKAI,A
24100,TR,KIJAL,A
24107,TR,KIJAL,A
24109,TR,KIJAL,A
24200,TR,KEMASEK,A
24207,TR,KEMASEK,A
24209,TR,KEMASEK,A
24210,TR,KEMASEK,A
24300,TR,KERTEH,A
24520,TR,KEMASEK,A
25000,PH,KUANTAN,A
25020,PH,KUANTAN,A
25050,PH,KUANTAN,A
25100,PH,KUANTAN,A
25150,PH,KUANTAN,A
25200,PH,KUANTAN,A
25250,PH,KUANTAN,A
25300,PH,KUANTAN,A
25350,PH,KUANTAN,A
25500,PH,KUANTAN,A
25502,PH,KUANTAN,A
25503,PH,KUANTAN,A
25504,PH,KUANTAN,A
25505,PH,KUANTAN,A
25506,PH,KUANTAN,A
25508,PH,KUANTAN,A
25509,PH,KUANTAN,A
25512,PH,KUANTAN,A
25514,PH,KUANTAN,A
25516,PH,KUANTAN,A
25517,PH,KUANTAN,A
25518,PH,KUANTAN,A
25520,PH,KUANTAN,A
25524,PH,KUANTAN,A
25529,PH,KUANTAN,A
25532,PH,KUANTAN,A
25534,PH,KUANTAN,A
25536,PH,KUANTAN,A
25538,PH,KUANTAN,A
25540,PH,KUANTAN,A
25546,PH,KUANTAN,A
25548,PH,KUANTAN,A
25550,PH,KUANTAN,A
25551,PH,KUANTAN,A
25552,PH,KUANTAN,A
25556,PH,KUANTAN,A
25558,PH,KUANTAN,A
25560,PH,KUANTAN,A
25564,PH,KUANTAN,A
25570,PH,KUANTAN,A
25576,PH,KUANTAN,A
25578,PH,KUANTAN,A
25582,PH,KUANTAN,A
25584,PH,KUANTAN,A
25586,PH,KUANTAN,A
25590,PH,KUANTAN,A
25592,PH,KUANTAN,A
25594,PH,KUANTAN,A
25596,PH,KUANTAN,A
25598,PH,KUANTAN,A
25600,PH,KUANTAN,A
25604,PH,KUANTAN,A
25606,PH,KUANTAN,A
25608,PH,KUANTAN,A
25609,PH,KUANTAN,A
25610,PH,KUANTAN,A
25612,PH,KUANTAN,A
25614,PH,KUANTAN,A
25620,PH,KUANTAN,A
25622,PH,KUANTAN,A
25626,PH,KUANTAN,A
25628,PH,KUANTAN,A
25630,PH,KUANTAN,A
25632,PH,KUANTAN,A
25644,PH,KUANTAN,A
25646,PH,KUANTAN,A
25648,PH,KUANTAN,A
25656,PH,KUANTAN,A
25660,PH,KUANTAN,A
25661,PH,KUANTAN,A
25662,PH,KUANTAN,A
25670,PH,KUANTAN,A
25672,PH,KUANTAN,A
25673,PH,KUANTAN,A
25674,PH,KUANTAN,A
25676,PH,KUANTAN,A
25690,PH,KUANTAN,A
25700,PH,KUANTAN,A
25710,PH,KUANTAN,A
25720,PH,KUANTAN,A
25730,PH,KUANTAN,A
25740,PH,KUANTAN,A
25750,PH,KUANTAN,A
25988,PH,KUANTAN,A
25990,PH,KUANTAN,A
26000,PH,KUANTAN,A
26003,OT,SINGAPORE,A
26010,PH,KUANTAN,A
26030,PH,KUANTAN,A
26050,PH,KUANTAN,A
26060,PH,KUANTAN,A
26070,PH,KUANTAN,A
26080,PH,BALOK,A
26090,PH,BUKIT GOH,A
26100,PH,BALOK,A
26130,PH,KUANTAN,A
26140,PH,KUANTAN,A
26150,PH,BALOK,A
26170,PH,KUANTAN,A
26180,PH,KUANTAN,A
26190,PH,BALOK,A
26200,PH,SUNGAI LEMBING,A
26250,PH,KUANTAN,A
26300,PH,GAMBANG,A
26310,PH,GAMBANG,A
26400,PH,BANDAR PUSAT JENGKA,A
26410,PH,BANDAR PUSAT  JENGKA,A
26420,PH,BANDAR PUSAT  JENGKA,A
26430,PH,BANDAR PUSAT  JENGKA,A
26440,PH,BANDAR PUSAT  JENGKA,A
26450,PH,BANDAR PUSAT  JENGKA,A
26500,PH,MARAN,A
26600,PH,PEKAN,A
26607,PH,PEKAN,A
26609,PH,PEKAN,A
26610,PH,PEKAN,A
26620,PH,PEKAN,A
26630,PH,PEKAN,A
26640,PH,PEKAN,A
26650,PH,PEKAN,A
26660,PH,PEKAN,A
26680,PH,PEKAN,A
26690,PH,CHINI,A
26700,PH,MUADZAM SHAH,A
26800,PH,KUALA ROMPIN,A
26810,PH,KUALA ROMPIN,A
26820,PH,KUALA ROMPIN,A
26900,PH,BANDAR TUN ABDUL RAZAK,A
27000,PH,JERANTUT,A
27010,PH,JERANTUT,A
27020,PH,JERANTUT,A
27030,PH,DAMAK,A
27040,PH,JERANTUT,A
27050,PH,JERANTUT,A
27060,PH,JERANTUT,A
27070,PH,JERANTUT,A
27080,PH,JERANTUT,A
27090,PH,JERANTUT,A
27100,PH,PADANG TENGKU,A
27150,PH,JERANTUT,A
27200,PH,KUALA LIPIS,A
27207,PH,KUALA LIPIS,A
27209,PH,KUALA LIPIS,A
27210,PH,KUALA LIPIS,A
27300,PH,BENTA,A
27310,PH,BENTA,A
27400,PH,DONG,A
27500,PH,SUNGAI RUAN,A
27600,PH,RAUB,A
27607,PH,RAUB,A
27609,PH,RAUB,A
27610,PH,RAUB,A
27620,PH,RAUB,A
27630,PH,RAUB,A
27650,PH,SUNGAI KOYAN,A
27660,PH,SEGA,A
27670,PH,RAUB,A
28000,PH,TEMERLOH,A
28007,PH,TEMERLOH,A
28009,PH,TEMERLOH,A
28010,PH,TEMERLOH,A
28020,PH,TEMERLOH,A
28030,PH,TEMERLOH,A
28040,PH,TEMERLOH,A
28050,PH,KUALA KRAU,A
28100,PH,CHENOR,A
28200,PH,MENGKARAK,A
28300,PH,TRIANG,A
28310,PH,TRIANG,A
28320,PH,TRIANG,A
28330,PH,TRIANG,A
28340,PH,TRIANG,A
28350,PH,TRIANG,A
28380,PH,KEMAYAN,A
28400,PH,MENTAKAB,A
28407,PH,MENTAKAB,A
28409,PH,MENTAKAB,A
28500,PH,LANCHANG,A
28600,PH,KARAK,A
28610,PH,KARAK,A
28620,PH,KARAK,A
28700,PH,BENTONG,A
28707,PH,BENTONG,A
28709,PH,BENTONG,A
28730,PH,BENTONG,A
28740,PH,BENTONG,A
28750,PH,BENTONG,A
28800,PH,LURAH BILUT,A
30000,PR,IPOH,A
30010,PR,IPOH,A
30020,PR,IPOH,A
30100,PR,IPOH,A
30200,PR,IPOH,A
30250,PR,IPOH,A
30300,PR,IPOH,A
30350,PR,IPOH,A
30450,PR,IPOH,A
30500,PR,IPOH,A
30502,PR,IPOH,A
30503,PR,IPOH,A
30504,PR,IPOH,A
30505,PR,IPOH,A
30506,PR,IPOH,A
30508,PR,IPOH,A
30510,PR,IPOH,A
30512,PR,IPOH,A
30516,PR,IPOH,A
30517,PR,IPOH,A
30518,PR,IPOH,A
30519,PR,IPOH,A
30520,PR,IPOH,A
30524,PR,IPOH,A
30532,PR,IPOH,A
30534,PR,IPOH,A
30536,PR,IPOH,A
30540,PR,IPOH,A
30542,PR,IPOH,A
30546,PR,IPOH,A
30548,PR,IPOH,A
30550,PR,IPOH,A
30551,PR,IPOH,A
30552,PR,IPOH,A
30554,PR,IPOH,A
30556,PR,IPOH,A
30560,PR,IPOH,A
30564,PR,IPOH,A
30570,PR,IPOH,A
30576,PR,IPOH,A
30580,PR,IPOH,A
30582,PR,IPOH,A
30586,PR,IPOH,A
30590,PR,IPOH,A
30592,PR,IPOH,A
30594,PR,IPOH,A
30596,PR,IPOH,A
30600,PR,IPOH,A
30604,PR,IPOH,A
30606,PR,IPOH,A
30609,PR,IPOH,A
30610,PR,IPOH,A
30612,PR,IPOH,A
30614,PR,IPOH,A
30620,PR,IPOH,A
30621,PR,IPOH,A
30622,PR,IPOH,A
30626,PR,IPOH,A
30628,PR,IPOH,A
30630,PR,IPOH,A
30632,PR,IPOH,A
30634,PR,IPOH,A
30644,PR,IPOH,A
30646,PR,IPOH,A
30648,PR,IPOH,A
30656,PR,IPOH,A
30658,PR,IPOH,A
30660,PR,IPOH,A
30661,PR,IPOH,A
30662,PR,IPOH,A
30664,PR,IPOH,A
30668,PR,IPOH,A
30670,PR,IPOH,A
30673,PR,IPOH,A
30674,PR,IPOH,A
30676,PR,IPOH,A
30682,PR,IPOH,A
30690,PR,IPOH,A
30700,PR,IPOH,A
30710,PR,IPOH,A
30720,PR,IPOH,A
30730,PR,IPOH,A
30740,PR,IPOH,A
30750,PR,IPOH,A
30760,PR,IPOH,A
30770,PR,IPOH,A
30780,PR,IPOH,A
30790,PR,IPOH,A
30800,PR,IPOH,A
30810,PR,IPOH,A
30820,PR,IPOH,A
30830,PR,IPOH,A
30840,PR,IPOH,A
30900,PR,IPOH,A
30902,PR,IPOH,A
30904,PR,IPOH,A
30906,PR,IPOH,A
30908,PR,IPOH,A
30910,PR,IPOH,A
30912,PR,IPOH,A
30988,PR,IPOH,A
30990,PR,IPOH,A
31000,PR,BATU GAJAH,A
31007,PR,BATU GAJAH,A
31009,PR,BATU GAJAH,A
310195,OT,SINGAPORE,A
31050,PR,SUNGAI SIPUT,A
31100,PR,SUNGAI SIPUT,A
31150,PR,ULU KINTA,A
31200,PR,CHEMOR,A
31250,PR,TANJONG RAMBUTAN,A
31300,PR,KAMPONG KEPAYANG,A
31350,PR,IPOH,A
31400,PR,IPOH,A
31407,PR,IPOH,A
31409,PR,IPOH,A
31450,PR,MENGLEMBU,A
31500,PR,LAHAT,A
31550,PR,PUSING,A
31560,PR,PUSING,A
31600,PR,GOPENG,A
31610,PR,GOPENG,A
31650,PR,IPOH,A
31700,PR,MALIM NAWAR,A
31750,PR,TRONOH,A
31800,PR,TANJONG TUALANG,A
31850,PR,JERAM,A
31900,PR,KAMPAR,A
31907,PR,KAMPAR,A
31909,PR,KAMPAR,A
31910,PR,KAMPAR,A
31920,PR,KAMPAR,A
31950,PR,MAMBANG DI AWAN,A
32000,PR,SITIAWAN,A
32040,PR,SERI MANJUNG,A
32100,PR,TLDM LUMUT,A
32200,PR,LUMUT,A
32300,PR,PANGKOR,A
323108,OT,SINGAPORE,A
32400,PR,AYER TAWAR,A
32500,PR,CHANGKAT KERUING,A
32600,PR,BOTA,A
32610,PR,SERI ISKANDAR,A
32700,PR,BRUAS,A
32800,PR,PARIT,A
32900,PR,LAMBOR KANAN,A
33000,PR,KUALA KANGSAR,A
33007,PR,KUALA KANGSAR,A
33009,PR,KUALA KANGSAR,A
33010,PR,KUALA KANGSAR,A
33020,PR,KUALA KANGSAR,A
33030,PR,KUALA KANGSAR,A
33040,PR,KUALA KANGSAR,A
33100,PR,PENGKALAN HULU,A
33200,PR,INTAN,A
33300,PR,GERIK,A
33310,PR,GERIK,A
33320,PR,GERIK,A
33400,PR,LENGGONG,A
33410,PR,LENGGONG,A
33420,PR,LENGGONG,A
33500,PR,SAUK,A
33600,PR,ENGGOR,A
33700,PR,PADANG RENGAS,A
33800,PR,MANONG,A
34000,PR,TAIPING,A
34007,PR,TAIPING,A
34008,PR,TAIPING,A
34009,PR,TAIPING,A
34010,PR,TAIPING,A
34020,PR,TAIPING,A
34030,PR,TAIPING,A
34100,PR,SELAMA,A
34120,PR,SELAMA,A
34130,PR,SELAMA,A
34140,PR,RANTAU PANJANG,A
34200,PR,PARIT BUNTAR,A
34250,PR,TANJONG PIANDANG,A
34300,PR,BAGAN SERAI,A
34310,PR,BAGAN SERAI,A
34350,PR,KUALA KURAU,A
34400,PR,SIMPANG AMPAT SEMANGGOL,A
34500,PR,BATU KURAU,A
34510,PR,BATU KURAU,A
34520,PR,BATU KURAU,A
34600,PR,KAMUNTING,A
34650,PR,KUALA SEPETANG,A
34700,PR,SIMPANG,A
34750,PR,MATANG,A
34800,PR,TRONG,A
34850,PR,CHANGKAT JERING,A
34900,PR,PANTAI REMIS,A
349228,OT,SINGAPORE,A
349317,OT,SINGAPORE,A
34950,KD,BANDAR BAHARU,A
35000,PR,TAPAH,A
35007,PR,TAPAH,A
35009,PR,TAPAH,A
35300,PR,CHENDERIANG,A
35350,PR,TEMOH,A
35400,PR,TAPAH ROAD,A
35500,PR,BIDOR,A
35600,PR,SUNGKAI,A
35700,PR,TROLAK,A
35800,PR,SLIM RIVER,A
35820,PR,SLIM RIVER,A
35900,PR,TANJONG MALIM,A
35907,PR,TANJONG MALIM,A
35909,PR,TANJONG MALIM,A
35910,PR,TANJONG MALIM,A
35950,PR,BEHRANG STESEN,A
36000,PR,TELUK INTAN,A
36007,PR,TELUK INTAN,A
36008,PR,TELUK INTAN,A
36009,PR,TELUK INTAN,A
36010,PR,TELUK INTAN,A
36020,PR,TELUK INTAN,A
36030,PR,TELUK INTAN,A
36100,PR,BAGAN DATOH,A
36110,PR,TELUK INTAN,A
36200,PR,SELEKOH,A
36207,PR,SELEKOH,A
36209,PR,SELEKOH,A
36300,PR,SUNGAI SUMUN,A
36307,PR,SUNGAI SUMUN,A
36309,PR,SUNGAI SUMUN,A
36400,PR,HUTAN MELINTANG,A
36500,PR,ULU BERNAM,A
36600,PR,CHENDERONG BALAI,A
36700,PR,LANGKAP,A
36750,PR,CHIKUS,A
36800,PR,KAMPONG GAJAH,A
39000,PH,TANAH RATA,A
39007,PH,TANAH RATA,A
39009,PH,TANAH RATA,A
39010,PH,TANAH RATA,A
39100,PH,BRINCHANG,A
39200,PH,RINGLET,A
40000,SL,SHAH ALAM,A
40100,SL,SHAH ALAM,A
40150,SL,SHAH ALAM,A
40160,SL,SHAH ALAM,A
40170,SL,SHAH ALAM,A
40200,SL,SHAH ALAM,A
40300,SL,SHAH ALAM,A
40400,SL,SHAH ALAM,A
40450,SL,SHAH ALAM,A
40460,SL,SHAH ALAM,A
40470,SL,SHAH ALAM,A
40500,SL,SHAH ALAM,A
40502,SL,SHAH ALAM,A
40503,SL,SHAH ALAM,A
40505,SL,SHAH ALAM,A
40509,SL,SHAH ALAM,A
40512,SL,SHAH ALAM,A
40517,SL,SHAH ALAM,A
40520,SL,SHAH ALAM,A
40529,SL,SHAH ALAM,A
40542,SL,SHAH ALAM,A
40548,SL,SHAH ALAM,A
40550,SL,SHAH ALAM,A
40551,SL,SHAH ALAM,A
40560,SL,SHAH ALAM,A
40564,SL,SHAH ALAM,A
40570,SL,SHAH ALAM,A
40572,SL,SHAH ALAM,A
40576,SL,SHAH ALAM,A
40578,SL,SHAH ALAM,A
40582,SL,SHAH ALAM,A
40590,SL,SHAH ALAM,A
40592,SL,SHAH ALAM,A
40594,SL,SHAH ALAM,A
40596,SL,SHAH ALAM,A
40598,SL,SHAH ALAM,A
40604,SL,SHAH ALAM,A
40607,SL,SHAH ALAM,A
40608,SL,SHAH ALAM,A
40610,SL,SHAH ALAM,A
40612,SL,SHAH ALAM,A
40620,SL,SHAH ALAM,A
40622,SL,SHAH ALAM,A
40626,SL,SHAH ALAM,A
40632,SL,SHAH ALAM,A
40646,SL,SHAH ALAM,A
40648,SL,SHAH ALAM,A
40660,SL,SHAH ALAM,A
40664,SL,SHAH ALAM,A
40670,SL,SHAH ALAM,A
40672,SL,SHAH ALAM,A
40673,SL,SHAH ALAM,A
40674,SL,SHAH ALAM,A
40675,SL,SHAH ALAM,A
40676,SL,SHAH ALAM,A
40680,SL,SHAH ALAM,A
40690,SL,SHAH ALAM,A
40700,SL,SHAH ALAM,A
40702,SL,SHAH ALAM,A
40704,SL,SHAH ALAM,A
40706,SL,SHAH ALAM,A
40708,SL,SHAH ALAM,A
40710,SL,SHAH ALAM,A
40712,SL,SHAH ALAM,A
40714,SL,SHAH ALAM,A
40716,SL,SHAH ALAM,A
40718,SL,SHAH ALAM,A
40720,SL,SHAH ALAM,A
40722,SL,SHAH ALAM,A
40724,SL,SHAH ALAM,A
40726,SL,SHAH ALAM,A
40728,SL,SHAH ALAM,A
40730,SL,SHAH ALAM,A
40732,SL,SHAH ALAM,A
40990,SL,SHAH ALAM,A
41000,SL,KLANG,A
41050,SL,KLANG,A
41100,SL,KLANG,A
411006,OT,INDIA,A
41150,SL,KLANG,A
41200,SL,KLANG,A
41250,SL,KLANG,A
41300,SL,KLANG,A
41400,SL,KLANG,A
41500,SL,KLANG,A
41506,SL,KLANG,A
41560,SL,KLANG,A
41586,SL,KLANG,A
416060,OT,SINGAPORE,A
41650,SL,PETALING JAYA,A
41672,SL,KLANG,A
41675,SL,KLANG,A
41700,SL,KLANG,A
41710,SL,KLANG,A
41720,SL,KLANG,A
41900,SL,KLANG,A
41902,SL,KLANG,A
41904,SL,KLANG,A
41906,SL,KLANG,A
41908,SL,KLANG,A
41910,SL,KLANG,A
41912,SL,KLANG,A
41914,SL,KLANG,A
41916,SL,KLANG,A
41918,SL,KLANG,A
41990,SL,KLANG,A
42000,SL,PELABUHAN KLANG,A
42007,SL,PORT KLANG,A
42009,SL,PELABUHAN KLANG,A
42100,SL,KLANG,A
42200,SL,KAPAR,A
42300,SL,BANDAR PUNCAK ALAM,A
42450,SL,KLANG,A
42460,SL,SHAH ALAM,A
42500,SL,TELOK PANGLIMA GARANG,A
42507,SL,TELOK PANGLIMA GARANG,A
42509,SL,TELOK PANGLIMA GARANG,A
42600,SL,JENJAROM,A
42700,SL,BANTING,A
42800,SL,TANJONG SEPAT,A
42920,SL,PULAU LUMUT,A
42940,SL,PULAU KETAM,A
42960,SL,PULAU CAREY,A
43000,SL,KAJANG,A
43007,SL,KAJANG,A
43009,SL,KAJANG,A
43100,SL,HULU LANGAT,A
43200,SL,CHERAS,A
43207,SL,BATU 9 CHERAS,A
43300,SL,SERI KEMBANGAN,A
43400,SL,UPM SERDANG,A
43500,SL,SEMENYIH,A
43600,SL,UKM BANGI,A
43650,SL,BANDAR BARU BANGI,A
43700,SL,BERANANG,A
43800,SL,DENGKIL,A
43807,SL,DENGKIL,A
43809,SL,DENGKIL,A
43900,SL,SEPANG,A
43950,SL,SUNGAI PELEK,A
44000,SL,KUALA KUBU BARU,A
44010,SL,KUALA KUBU BARU,A
44020,SL,KUALA KUBU BARU,A
44100,SL,KERLING,A
44110,SL,KUALA KUBU BARU,A
44200,SL,RASA,A
44300,SL,BATANG KALI,A
45000,SL,KUALA SELANGOR,A
45010,SL,KUALA SELANGOR,A
45020,SL,KUALA SELANGOR,A
45030,SL,KUALA SELANGOR,A
45100,SL,SUNGAI AYER TAWAR,A
45200,SL,SABAK BERNAM,A
45207,SL,SABAK BERNAM,A
45209,SL,SABAK BERNAM,A
45300,SL,SUNGAI BESAR,A
45400,SL,SEKINCHAN,A
45500,SL,TANJONG KARANG,A
45600,SL,BATANG BERJUNTAI,A
45607,SL,BATANG BERJUNTAI,A
45609,SL,BATANG BERJUNTAI,A
45620,SL,BATANG BERJUNTAI,A
45700,SL,BUKIT ROTAN,A
45800,SL,JERAM,A
46000,SL,PETALING JAYA,A
46050,SL,PETALING JAYA,A
46100,SL,PETALING JAYA,A
46150,SL,PETALING JAYA,A
46160,SL,PETALING JAYA,A
46200,SL,PETALING JAYA,A
46300,SL,PETALING JAYA,A
46350,SL,PETALING JAYA,A
46400,SL,PETALING JAYA,A
46506,SL,PETALING JAYA,A
46547,SL,PETALING JAYA,A
46549,SL,PETALING JAYA,A
46551,SL,PETALING JAYA,A
46564,SL,PETALING JAYA,A
46582,SL,PETALING JAYA,A
46598,SL,PETALING JAYA,A
46662,SL,PETALING JAYA,A
46667,SL,PETALING JAYA,A
46668,SL,PETALING JAYA,A
46672,SL,PETALING JAYA,A
46675,SL,PETALING JAYA,A
46692,SL,PETALING JAYA,A
46700,SL,PETALING JAYA,A
46710,SL,PETALING JAYA,A
46720,SL,PETALING JAYA,A
46730,SL,PETALING JAYA,A
46740,SL,PETALING JAYA,A
46750,SL,PETALING JAYA,A
46760,SL,PETALING JAYA,A
46770,SL,PETALING JAYA,A
46780,SL,PETALING JAYA,A
46781,SL,PETALING JAYA,A
46782,SL,PETALING JAYA,A
46783,SL,PETALING JAYA,A
46784,SL,PETALING JAYA,A
46785,SL,PETALING JAYA,A
46786,SL,PETALING JAYA,A
46787,SL,PETALING JAYA,A
46788,SL,PETALING JAYA,A
46789,SL,PETALING JAYA,A
46790,SL,PETALING JAYA,A
46791,SL,PETALING JAYA,A
46792,SL,PETALING JAYA,A
46793,SL,PETALING JAYA,A
46794,SL,PETALING JAYA,A
46795,SL,PETALING JAYA,A
46796,SL,PETALING JAYA,A
46797,SL,PETALING JAYA,A
46798,SL,PETALING JAYA,A
46799,SL,PETALING JAYA,A
46800,SL,PETALING JAYA,A
46801,SL,PETALING JAYA,A
46802,SL,PETALING JAYA,A
46803,SL,PETALING JAYA,A
46804,SL,PETALING JAYA,A
46805,SL,PETALING JAYA,A
46806,SL,PETALING JAYA,A
46860,SL,PETALING JAYA,A
46870,SL,PETALING JAYA,A
46960,SL,PETALING JAYA,A
46962,SL,PETALING JAYA,A
46964,SL,PETALING JAYA,A
46966,SL,PETALING JAYA,A
46968,SL,PETALING JAYA,A
46970,SL,PETALING JAYA,A
46972,SL,PETALING JAYA,A
46974,SL,PETALING JAYA,A
46976,SL,PETALING JAYA,A
46978,SL,PETALING JAYA,A
47000,SL,SUNGAI BULOH,A
47100,SL,PUCHONG,A
47120,SL,PUCHONG,A
47150,SL,PUCHONG,A
47170,SL,PUCHONG,A
47180,SL,PUCHONG,A
47190,SL,PUCHONG,A
47200,SL,SHAH ALAM,A
47300,SL,PETALING JAYA,A
47301,SL,PETALING JAYA,A
47307,SL,PETALING JAYA,A
47308,SL,PETALING JAYA,A
47400,SL,PETALING JAYA,A
47410,SL,PETALING JAYA,A
47500,SL,SUBANG JAYA,A
47507,SL,SUBANG JAYA,A
47509,SL,SUBANG JAYA,A
47600,SL,SUBANG JAYA,A
47610,SL,SUBANG JAYA,A
47620,SL,SUBANG JAYA,A
47630,SL,SUBANG JAYA,A
47650,SL,SUBANG JAYA,A
47800,SL,PETALING JAYA,A
47810,SL,PETALING JAYA,A
47820,SL,PETALING JAYA,A
47830,SL,PETALING JAYA,A
48000,SL,RAWANG,A
48010,SL,RAWANG,A
48050,SL,RAWANG,A
48100,SL,BATU ARANG,A
48200,SL,SERENDAH,A
48300,SL,RAWANG,A
489947,OT,SINGAPORE,A
49000,PH,BUKIT FRASER,A
50000,WP,KUALA LUMPUR,A
50050,WP,KUALA LUMPUR,A
50088,WP,KUALA LUMPUR,A
50100,WP,KUALA LUMPUR,A
50150,WP,KUALA LUMPUR,A
50200,WP,KUALA LUMPUR,A
50250,WP,KUALA LUMPUR,A
50300,WP,KUALA LUMPUR,A
50350,WP,KUALA LUMPUR,A
50400,WP,KUALA LUMPUR,A
50450,WP,KUALA LUMPUR,A
50460,WP,KUALA LUMPUR,A
50470,WP,KUALA LUMPUR,A
50480,WP,KUALA LUMPUR,A
50490,WP,KUALA LUMPUR,A
50500,WP,KUALA LUMPUR,A
50506,WP,KUALA LUMPUR,A
50507,WP,KUALA LUMPUR,A
50508,WP,KUALA LUMPUR,A
50515,WP,KUALA LUMPUR,A
50517,WP,KUALA LUMPUR,A
50522,WP,KUALA LUMPUR,A
50528,WP,KUALA LUMPUR,A
50530,WP,KUALA LUMPUR,A
50532,WP,KUALA LUMPUR,A
50534,WP,KUALA LUMPUR,A
50536,WP,KUALA LUMPUR,A
50538,WP,KUALA LUMPUR,A
50540,WP,KUALA LUMPUR,A
50542,WP,KUALA LUMPUR,A
50544,WP,KUALA LUMPUR,A
50548,WP,KUALA LUMPUR,A
50550,WP,KUALA LUMPUR,A
50551,WP,KUALA LUMPUR,A
50552,WP,KUALA LUMPUR,A
50554,WP,KUALA LUMPUR,A
50556,WP,KUALA LUMPUR,A
50558,WP,KUALA LUMPUR,A
50560,WP,KUALA LUMPUR,A
50562,WP,KUALA LUMPUR,A
50564,WP,KUALA LUMPUR,A
50566,WP,KUALA LUMPUR,A
50568,WP,KUALA LUMPUR,A
50570,WP,KUALA LUMPUR,A
50572,WP,KUALA LUMPUR,A
50574,WP,KUALA LUMPUR,A
50576,WP,KUALA LUMPUR,A
50578,WP,KUALA LUMPUR,A
50580,WP,KUALA LUMPUR,A
50584,WP,KUALA LUMPUR,A
50586,WP,KUALA LUMPUR,A
50588,WP,KUALA LUMPUR,A
50590,WP,KUALA LUMPUR,A
50592,WP,KUALA LUMPUR,A
50594,WP,KUALA LUMPUR,A
50596,WP,KUALA LUMPUR,A
50599,WP,KUALA LUMPUR,A
50600,WP,KUALA LUMPUR,A
50602,WP,KUALA LUMPUR,A
50603,WP,KUALA LUMPUR,A
50604,WP,KUALA LUMPUR,A
50605,WP,KUALA LUMPUR,A
50606,WP,KUALA LUMPUR,A
50608,WP,KUALA LUMPUR,A
50609,WP,KUALA LUMPUR,A
50610,WP,KUALA LUMPUR,A
50612,WP,KUALA LUMPUR,A
50614,WP,KUALA LUMPUR,A
50618,WP,KUALA LUMPUR,A
50621,WP,KUALA LUMPUR,A
50622,WP,KUALA LUMPUR,A
50624,WP,KUALA LUMPUR,A
50626,WP,KUALA LUMPUR,A
50628,WP,KUALA LUMPUR,A
50630,WP,KUALA LUMPUR,A
50632,WP,KUALA LUMPUR,A
50634,WP,KUALA LUMPUR,A
50636,WP,KUALA LUMPUR,A
50638,WP,KUALA LUMPUR,A
50640,WP,KUALA LUMPUR,A
50642,WP,KUALA LUMPUR,A
50644,WP,KUALA LUMPUR,A
50646,WP,KUALA LUMPUR,A
50648,WP,KUALA LUMPUR,A
50650,WP,KUALA LUMPUR,A
50652,WP,KUALA LUMPUR,A
50653,WP,KUALA LUMPUR,A
50654,WP,KUALA LUMPUR,A
50656,WP,KUALA LUMPUR,A
50658,WP,KUALA LUMPUR,A
50660,WP,KUALA LUMPUR,A
50661,WP,KUALA LUMPUR,A
50664,WP,KUALA LUMPUR,A
50666,WP,KUALA LUMPUR,A
50668,WP,KUALA LUMPUR,A
50670,WP,KUALA LUMPUR,A
50672,WP,KUALA LUMPUR,A
50673,WP,KUALA LUMPUR,A
50676,WP,KUALA LUMPUR,A
50678,WP,KUALA LUMPUR,A
50680,WP,KUALA LUMPUR,A
50682,WP,KUALA LUMPUR,A
50684,WP,KUALA LUMPUR,A
50686,WP,KUALA LUMPUR,A
50688,WP,KUALA LUMPUR,A
50692,WP,KUALA LUMPUR,A
50694,WP,KUALA LUMPUR,A
50700,WP,KUALA LUMPUR,A
50702,WP,KUALA LUMPUR,A
50704,WP,KUALA LUMPUR,A
50706,WP,KUALA LUMPUR,A
50708,WP,KUALA LUMPUR,A
50710,WP,KUALA LUMPUR,A
50712,WP,KUALA LUMPUR,A
50714,WP,KUALA LUMPUR,A
50716,WP,KUALA LUMPUR,A
50718,WP,KUALA LUMPUR,A
50720,WP,KUALA LUMPUR,A
50722,WP,KUALA LUMPUR,A
50724,WP,KUALA LUMPUR,A
50726,WP,KUALA LUMPUR,A
50728,WP,KUALA LUMPUR,A
50730,WP,KUALA LUMPUR,A
50732,WP,KUALA LUMPUR,A
50734,WP,KUALA LUMPUR,A
50736,WP,KUALA LUMPUR,A
50738,WP,KUALA LUMPUR,A
50740,WP,KUALA LUMPUR,A
50742,WP,KUALA LUMPUR,A
50744,WP,KUALA LUMPUR,A
50746,WP,KUALA LUMPUR,A
50748,WP,KUALA LUMPUR,A
50750,WP,KUALA LUMPUR,A
50752,WP,KUALA LUMPUR,A
50754,WP,KUALA LUMPUR,A
50758,WP,KUALA LUMPUR,A
50760,WP,KUALA LUMPUR,A
50762,WP,KUALA LUMPUR,A
50764,WP,KUALA LUMPUR,A
50766,WP,KUALA LUMPUR,A
50768,WP,KUALA LUMPUR,A
50770,WP,KUALA LUMPUR,A
50772,WP,KUALA LUMPUR,A
50774,WP,KUALA LUMPUR,A
50776,WP,KUALA LUMPUR,A
50778,WP,KUALA LUMPUR,A
50780,WP,KUALA LUMPUR,A
50782,WP,KUALA LUMPUR,A
50784,WP,KUALA LUMPUR,A
50786,WP,KUALA LUMPUR,A
50788,WP,KUALA LUMPUR,A
50790,WP,KUALA LUMPUR,A
50792,WP,KUALA LUMPUR,A
50794,WP,KUALA LUMPUR,A
50796,WP,KUALA LUMPUR,A
50798,WP,KUALA LUMPUR,A
50800,WP,KUALA LUMPUR,A
50802,WP,KUALA LUMPUR,A
50804,WP,KUALA LUMPUR,A
50806,WP,KUALA LUMPUR,A
50808,WP,KUALA LUMPUR,A
50810,WP,KUALA LUMPUR,A
50812,WP,KUALA LUMPUR,A
50814,WP,KUALA LUMPUR,A
50816,WP,KUALA LUMPUR,A
50818,WP,KUALA LUMPUR,A
50901,WP,KUALA LUMPUR,A
50902,WP,KUALA LUMPUR,A
50903,WP,KUALA LUMPUR,A
50904,WP,KUALA LUMPUR,A
50906,WP,KUALA LUMPUR,A
50907,WP,KUALA LUMPUR,A
50908,WP,KUALA LUMPUR,A
50909,WP,KUALA LUMPUR,A
50910,WP,KUALA LUMPUR,A
50911,WP,KUALA LUMPUR,A
50912,WP,KUALA LUMPUR,A
50913,WP,KUALA LUMPUR,A
50914,WP,KUALA LUMPUR,A
50915,WP,KUALA LUMPUR,A
50916,WP,KUALA LUMPUR,A
50917,WP,KUALA LUMPUR,A
50918,WP,KUALA LUMPUR,A
50919,WP,KUALA LUMPUR,A
50920,WP,KUALA LUMPUR,A
50921,WP,KUALA LUMPUR,A
50922,WP,KUALA LUMPUR,A
50923,WP,KUALA LUMPUR,A
50924,WP,KUALA LUMPUR,A
50925,WP,KUALA LUMPUR,A
50926,WP,KUALA LUMPUR,A
50927,WP,KUALA LUMPUR,A
50928,WP,KUALA LUMPUR,A
50929,WP,KUALA LUMPUR,A
50930,WP,KUALA LUMPUR,A
50931,WP,KUALA LUMPUR,A
50932,WP,KUALA LUMPUR,A
50933,WP,KUALA LUMPUR,A
50934,WP,KUALA LUMPUR,A
50935,WP,KUALA LUMPUR,A
50936,WP,KUALA LUMPUR,A
50937,WP,KUALA LUMPUR,A
50938,WP,KUALA LUMPUR,A
50939,WP,KUALA LUMPUR,A
50940,WP,KUALA LUMPUR,A
50941,WP,KUALA LUMPUR,A
50942,WP,KUALA LUMPUR,A
50943,WP,KUALA LUMPUR,A
50944,WP,KUALA LUMPUR,A
50945,WP,KUALA LUMPUR,A
50946,WP,KUALA LUMPUR,A
50947,WP,KUALA LUMPUR,A
50948,WP,KUALA LUMPUR,A
50949,WP,KUALA LUMPUR,A
50950,WP,KUALA LUMPUR,A
50988,WP,KUALA LUMPUR,A
50989,WP,KUALA LUMPUR,A
50990,WP,KUALA LUMPUR,A
51000,WP,KUALA LUMPUR,A
51100,WP,KUALA LUMPUR,A
51200,WP,KUALA LUMPUR,A
51700,WP,KUALA LUMPUR,A
51990,WP,KUALA LUMPUR,A
52000,WP,KUALA LUMPUR,A
52100,WP,KUALA LUMPUR,A
52200,WP,KUALA LUMPUR,A
53000,WP,KUALA LUMPUR,A
530541,OT,SINGAPORE,A
53100,WP,KUALA LUMPUR,A
53200,WP,KUALA LUMPUR,A
53300,WP,KUALA LUMPUR,A
534104,OT,SINGAPORE,A
53700,WP,KUALA LUMPUR,A
53800,WP,KUALA LUMPUR,A
53990,WP,KUALA LUMPUR,A
54000,WP,KUALA LUMPUR,A
54100,WP,KUALA LUMPUR,A
54200,WP,KUALA LUMPUR,A
55000,WP,KUALA LUMPUR,A
55100,WP,KUALA LUMPUR,A
55200,WP,KUALA LUMPUR,A
55300,WP,KUALA LUMPUR,A
55700,WP,KUALA LUMPUR,A
55710,WP,KUALA LUMPUR,A
55720,WP,KUALA LUMPUR,A
55900,WP,KUALA LUMPUR,A
55902,WP,KUALA LUMPUR,A
55904,WP,KUALA LUMPUR,A
55906,WP,KUALA LUMPUR,A
55908,WP,KUALA LUMPUR,A
55910,WP,KUALA LUMPUR,A
55912,WP,KUALA LUMPUR,A
55914,WP,KUALA LUMPUR,A
55916,WP,KUALA LUMPUR,A
55918,WP,KUALA LUMPUR,A
55920,WP,KUALA LUMPUR,A
55922,WP,KUALA LUMPUR,A
55924,WP,KUALA LUMPUR,A
55926,WP,KUALA LUMPUR,A
55928,WP,KUALA LUMPUR,A
55930,WP,KUALA LUMPUR,A
55932,WP,KUALA LUMPUR,A
55934,WP,KUALA LUMPUR,A
55990,WP,KUALA LUMPUR,A
56000,WP,KUALA LUMPUR,A
560175,OT,SINGAPORE,A
56100,WP,KUALA LUMPUR,A
57000,WP,KUALA LUMPUR,A
57100,WP,KUALA LUMPUR,A
57700,WP,KUALA LUMPUR,A
57990,WP,KUALA LUMPUR,A
58000,WP,KUALA LUMPUR,A
58100,WP,KUALA LUMPUR,A
58200,WP,KUALA LUMPUR,A
58700,WP,KUALA LUMPUR,A
58990,WP,KUALA LUMPUR,A
59000,WP,KUALA LUMPUR,A
59100,WP,KUALA LUMPUR,A
59200,WP,KUALA LUMPUR,A
59700,WP,KUALA LUMPUR,A
59800,WP,KUALA LUMPUR,A
59990,WP,KUALA LUMPUR,A
60000,WP,KUALA LUMPUR,A
6064,OT,PERTH,A
62000,WP,PUTRAJAYA,A
62050,WP,PUTRAJAYA,A
62100,WP,PUTRAJAYA,A
62150,WP,PUTRAJAYA,A
62200,WP,PUTRAJAYA,A
62250,WP,PUTRAJAYA,A
62300,WP,PUTRAJAYA,A
62502,WP,PUTRAJAYA,A
62503,WP,PUTRAJAYA,A
62504,WP,PUTRAJAYA,A
62505,WP,PUTRAJAYA,A
62510,WP,PUTRAJAYA,A
62512,WP,PUTRAJAYA,A
62514,WP,PUTRAJAYA,A
62516,WP,PUTRAJAYA,A
62518,WP,PUTRAJAYA,A
62519,WP,PUTRAJAYA,A
62520,WP,PUTRAJAYA,A
62524,WP,PUTRAJAYA,A
62526,WP,PUTRAJAYA,A
62527,WP,PUTRAJAYA,A
62529,WP,PUTRAJAYA,A
62546,WP,PUTRAJAYA,A
62582,WP,PUTRAJAYA,A
62596,WP,PUTRAJAYA,A
62606,WP,PUTRAJAYA,A
62616,WP,PUTRAJAYA,A
62620,WP,PUTRAJAYA,A
62662,WP,PUTRAJAYA,A
62674,WP,PUTRAJAYA,A
62675,WP,PUTRAJAYA,A
62677,WP,PUTRAJAYA,A
62690,WP,PUTRAJAYA,A
63000,SL,CYBERJAYA,A
64000,SL,KLIA,A
640488,OT,SINGAPORE,A
68000,SL,AMPANG,A
68100,SL,BATU CAVES,A
689094,OT,SINGAPORE,A
69000,PH,GENTING HIGHLANDS,A
70000,NS,SEREMBAN,A
70100,NS,SEREMBAN,A
70200,NS,SEREMBAN,A
70300,NS,SEREMBAN,A
70400,NS,SEREMBAN,A
70450,NS,SEREMBAN,A
70500,NS,SEREMBAN,A
70502,NS,SEREMBAN,A
70503,NS,SEREMBAN,A
70504,NS,SEREMBAN,A
70505,NS,SEREMBAN,A
70506,NS,SEREMBAN,A
70508,NS,SEREMBAN,A
70512,NS,SEREMBAN,A
70516,NS,SEREMBAN,A
70517,NS,SEREMBAN,A
70518,NS,SEREMBAN,A
70532,NS,SEREMBAN,A
70534,NS,SEREMBAN,A
70536,NS,SEREMBAN,A
70540,NS,SEREMBAN,A
70546,NS,SEREMBAN,A
70548,NS,SEREMBAN,A
70550,NS,SEREMBAN,A
70551,NS,SEREMBAN,A
70558,NS,SEREMBAN,A
70560,NS,SEREMBAN,A
70564,NS,SEREMBAN,A
70570,NS,SEREMBAN,A
70572,NS,SEREMBAN,A
70576,NS,SEREMBAN,A
70578,NS,SEREMBAN,A
70582,NS,SEREMBAN,A
70586,NS,SEREMBAN,A
70590,NS,SEREMBAN,A
70592,NS,SEREMBAN,A
70594,NS,SEREMBAN,A
70596,NS,SEREMBAN,A
70600,NS,SEREMBAN,A
70604,NS,SEREMBAN,A
70606,NS,SEREMBAN,A
70608,NS,SEREMBAN,A
70609,NS,SEREMBAN,A
70610,NS,SEREMBAN,A
70620,NS,SEREMBAN,A
70626,NS,SEREMBAN,A
70628,NS,SEREMBAN,A
70632,NS,SEREMBAN,A
70634,NS,SEREMBAN,A
70644,NS,SEREMBAN,A
70646,NS,SEREMBAN,A
70648,NS,SEREMBAN,A
70658,NS,SEREMBAN,A
70664,NS,SEREMBAN,A
70670,NS,SEREMBAN,A
70672,NS,SEREMBAN,A
70673,NS,SEREMBAN,A
70674,NS,SEREMBAN,A
70676,NS,SEREMBAN,A
70690,NS,SEREMBAN,A
70700,NS,SEREMBAN,A
70710,NS,SEREMBAN,A
70720,NS,SEREMBAN,A
70730,NS,SEREMBAN,A
70740,NS,SEREMBAN,A
70750,NS,SEREMBAN,A
70990,NS,SEREMBAN,A
71000,NS,PORT DICKSON,A
71007,NS,PORT DICKSON,A
71009,NS,PORT DICKSON,A
71010,NS,PORT DICKSON,A
71050,NS,SI RUSA,A
71059,NS,SI RUSA,A
71100,NS,RANTAU,A
71109,NS,SILIAU,A
71150,NS,LINGGI,A
71159,NS,LINGGI,A
71200,NS,RANTAU,A
71209,NS,RANTAU,A
71250,NS,PASIR PANJANG,A
71259,NS,PASIR PANJANG,A
71300,NS,REMBAU,A
71309,NS,REMBAU,A
71350,NS,KOTA,A
71359,NS,KOTA,A
71400,NS,REMBAU,A
71409,NS,PEDAS,A
71450,NS,SEREMBAN,A
71459,NS,SEREMBAN,A
71500,NS,TANJONG IPOH,A
71509,NS,TANJONG IPOH,A
71550,NS,SERI MENANTI,A
71559,NS,SERI MENANTI,A
71600,NS,KUALA KLAWANG,A
71609,NS,KUALA KLAWANG,A
71650,NS,KUALA KLAWANG,A
71659,NS,TITI,A
71700,NS,MANTIN,A
71707,NS,MANTIN,A
71709,NS,MANTIN,A
71750,NS,MANTIN,A
71759,NS,LENGGENG,A
71760,NS,BANDAR BARU ENSTEK,A
71770,NS,SEREMBAN,A
71800,NS,NILAI,A
71807,NS,NILAI,A
71809,NS,NILAI,A
71900,NS,LABU,A
71907,NS,LABU,A
71909,NS,LABU,A
71960,NS,PORT DICKSON,A
72000,NS,KUALA PILAH,A
72007,NS,KUALA PILAH,A
72009,NS,KUALA PILAH,A
72100,NS,BAHAU,A
72107,NS,BAHAU,A
72109,NS,BAHAU,A
72120,NS,BANDAR SERI JEMPOL,A
72127,NS,BANDAR BARU SERTING,A
72129,NS,BANDAR BARU SERTING,A
72200,NS,BATU KIKIR,A
72207,NS,BATU KIKIR,A
72209,NS,BATU KIKIR,A
72300,NS,SIMPANG PERTANG,A
72307,NS,SIMPANG PERTANG,A
72309,NS,SIMPANG PERTANG,A
72400,NS,SIMPANG DURIAN,A
72409,NS,SIMPANG DURIAN,A
72500,NS,KUALA PILAH,A
72507,NS,JUASSEH,A
72509,NS,JUASSEH,A
73000,NS,TAMPIN,A
73007,NS,TAMPIN,A
73009,NS,TAMPIN,A
73100,NS,JOHOL,A
73109,NS,JOHOL,A
73200,NS,GEMENCHEH,A
73207,NS,GEMENCHEH,A
73209,NS,GEMENCHEH,A
73300,NS,GEMENCHEH,A
73309,NS,BATANG MELAKA,A
73400,NS,GEMAS,A
73409,NS,GEMAS,A
73410,NS,GEMAS,A
73420,NS,GEMAS,A
73430,NS,PUSAT  BANDAR PALONG,A
73440,NS,GEMAS,A
73460,NS,GEMAS,A
73480,NS,GEMAS,A
73500,NS,ROMPIN,A
73507,NS,ROMPIN,A
73509,NS,ROMPIN,A
75000,MK,MELAKA,A
75050,MK,MELAKA,A
75100,MK,MELAKA,A
75150,MK,MELAKA,A
75200,MK,MELAKA,A
75250,MK,MELAKA,A
75260,MK,MELAKA,A
75300,MK,MELAKA,A
75350,MK,MELAKA,A
75400,MK,MELAKA,A
75450,MK,AIR KEROH,A
75460,MK,MELAKA,A
75500,MK,MELAKA,A
75502,MK,MELAKA,A
75503,MK,MELAKA,A
75504,MK,MELAKA,A
75505,MK,MELAKA,A
75506,MK,MELAKA,A
75508,MK,MELAKA,A
75510,MK,MELAKA,A
75512,MK,MELAKA,A
75514,MK,MELAKA,A
75516,MK,MELAKA,A
75517,MK,MELAKA,A
75518,MK,MELAKA,A
75519,MK,MELAKA,A
75532,MK,MELAKA,A
75536,MK,MELAKA,A
75538,MK,MELAKA,A
75540,MK,MELAKA,A
75542,MK,MELAKA,A
75546,MK,MELAKA,A
75550,MK,MELAKA,A
75551,MK,MELAKA,A
75552,MK,MELAKA,A
75560,MK,MELAKA,A
75564,MK,MELAKA,A
75566,MK,MELAKA,A
75570,MK,MELAKA,A
75572,MK,MELAKA,A
75576,MK,MELAKA,A
75578,MK,MELAKA,A
75582,MK,MELAKA,A
75584,MK,MELAKA,A
75586,MK,MELAKA,A
75590,MK,MELAKA,A
75592,MK,MELAKA,A
75594,MK,MELAKA,A
75596,MK,MELAKA,A
75600,MK,MELAKA,A
75604,MK,MELAKA,A
75606,MK,MELAKA,A
75608,MK,MELAKA,A
75609,MK,MELAKA,A
75610,MK,MELAKA,A
75612,MK,MELAKA,A
75618,MK,MELAKA,A
75620,MK,MELAKA,A
75622,MK,MELAKA,A
75626,MK,MELAKA,A
75628,MK,MELAKA,A
75630,MK,MELAKA,A
75632,MK,MELAKA,A
75646,MK,MELAKA,A
75648,MK,MELAKA,A
75662,MK,MELAKA,A
75668,MK,MELAKA,A
75670,MK,MELAKA,A
75672,MK,MELAKA,A
75673,MK,MELAKA,A
75674,MK,MELAKA,A
75676,MK,MELAKA,A
75690,MK,MELAKA,A
75700,MK,MELAKA,A
75710,MK,MELAKA,A
75720,MK,MELAKA,A
75730,MK,MELAKA,A
75740,MK,MELAKA,A
75750,MK,MELAKA,A
75760,MK,MELAKA,A
75900,MK,MELAKA,A
75902,MK,MELAKA,A
75904,MK,MELAKA,A
75906,MK,MELAKA,A
75908,MK,MELAKA,A
75910,MK,MELAKA,A
75912,MK,MELAKA,A
75914,MK,MELAKA,A
75916,MK,MELAKA,A
75918,MK,MELAKA,A
75990,MK,MELAKA,A
76100,MK,DURIAN TUNGGAL,A
76109,MK,DURIAN TUNGGAL,A
76200,MK,MASJID TANAH,A
76300,MK,MASJID TANAH,A
76400,MK,TANJONG KLING,A
76409,MK,TANJONG KLING,A
76450,MK,MELAKA,A
77000,MK,JASIN,A
77007,MK,JASIN,A
77008,MK,JASIN,A
77009,MK,JASIN,A
77100,MK,ASAHAN,A
77109,MK,ASAHAN,A
77200,MK,BEMBAN,A
77300,MK,MERLIMAU,A
77309,MK,MERLIMAU,A
77400,MK,SUNGAI RAMBAI,A
77407,MK,SUNGAI RAMBAI,A
77409,MK,SUNGAI RAMBAI,A
77500,MK,SELANDAR,A
78000,MK,ALOR GAJAH,A
78009,MK,ALOR GAJAH,A
78100,MK,MASJID TANAH,A
78200,MK,MASJID TANAH,A
78300,MK,MASJID TANAH,A
78307,MK,MASJID TANAH,A
78309,MK,MASJID TANAH,A
79100,JH,NUSA JAYA,A
80000,JH,JOHOR BAHRU,A
80050,JH,JOHOR BAHRU,A
80100,JH,JOHOR BAHRU,A
80150,JH,JOHOR BAHRU,A
80200,JH,JOHOR BAHRU,A
80250,JH,JOHOR BAHRU,A
80300,JH,JOHOR BAHRU,A
80350,JH,JOHOR BAHRU,A
80400,JH,JOHOR BAHRU,A
80720,JH,JOHOR BAHRU,A
81000,JH,KULAI,A
81010,JH,KULAI,A
81020,JH,KULAI,A
81030,JH,KULAI,A
81100,JH,JOHOR BAHRU,A
81110,JH,JOHOR BAHRU,A
81200,JH,JOHOR BAHRU,A
81300,JH,JOHOR BAHRU,A
81400,JH,SENAI,A
81440,JH,TENGGARA,A
81500,JH,PEKAN NENAS,A
81550,JH,GELANG PATAH,A
81600,JH,PENGERANG,A
81610,JH,PENGERANG,A
81620,JH,PENGERANG,A
81700,JH,PASIR GUDANG,A
81750,JH,MASAI,A
81800,JH,ULU TIRAM,A
81850,JH,LAYANG-LAYANG,A
81900,JH,KOTA TINGGI,A
81920,JH,KOTA TINGGI,A
82000,JH,PONTIAN,A
82010,JH,PONTIAN,A
82020,JH,PONTIAN,A
82100,JH,AYER BALOI,A
82200,JH,BENUT,A
82300,JH,KUKUP,A
83000,JH,BATU PAHAT,A
83009,JH,BATU PAHAT,A
83010,JH,BATU PAHAT,A
83020,JH,BATU PAHAT,A
83030,JH,BATU PAHAT,A
83040,JH,BATU PAHAT,A
83050,JH,BATU PAHAT,A
83100,JH,RENGIT,A
83200,JH,SENGGARANG,A
83300,JH,SERI GADING,A
83400,JH,SERI MEDAN,A
83500,JH,PARIT SULONG,A
83504,JH,BATU PAHAT,A
83600,JH,SEMERAH,A
83700,JH,YONG PENG,A
83710,JH,YONG PENG,A
84000,JH,MUAR,A
84010,JH,MUAR,A
84030,JH,MUAR,A
84100,JH,MUAR,A
84150,JH,PARIT JAWA,A
84160,JH,MUAR,A
84200,JH,MUAR,A
84300,JH,BUKIT PASIR,A
84400,JH,SUNGAI MATI,A
84410,JH,MUAR,A
84500,JH,PANCHOR,A
84600,JH,PAGOH,A
84700,JH,GERISEK,A
84710,JH,MUAR,A
84800,JH,BUKIT GAMBIR,A
84900,JH,TANGKAK,A
85000,JH,SEGAMAT,A
85010,JH,SEGAMAT,A
85020,JH,SEGAMAT,A
85030,JH,SEGAMAT,A
85100,JH,BATU ANAM,A
85200,JH,JEMENTAH,A
85220,JH,JEMENTAH,A
85300,JH,LABIS,A
85400,JH,CHAAH,A
86000,JH,KLUANG,A
86100,JH,AYER HITAM,A
86200,JH,SIMPANG RENGAM,A
86300,JH,RENGAM,A
86400,JH,PARIT RAJA,A
86500,JH,BEKOK,A
86600,JH,PALOH,A
86700,JH,KAHANG,A
86800,JH,MERSING,A
86900,JH,ENDAU,A
87000,WP,LABUAN,A
87007,SB,LABUAN,A
87008,SB,LABUAN,A
88000,SB,KOTA KINABALU,A
88100,SB,KOTA KINABALU,A
88200,SB,KOTA KINABALU,A
88300,SB,KOTA KINABALU,A
88400,SB,KOTA KINABALU,A
88450,SB,KOTA KINABALU,A
88500,SB,KOTA KINABALU,A
88502,SB,KOTA KINABALU,A
88504,SB,KOTA KINABALU,A
88505,SB,KOTA KINABALU,A
88506,SB,KOTA KINABALU,A
88508,SB,KOTA KINABALU,A
88510,SB,KOTA KINABALU,A
88512,SB,KOTA KINABALU,A
88514,SB,KOTA KINABALU,A
88516,SB,KOTA KINABALU,A
88518,SB,KOTA KINABALU,A
88520,SB,KOTA KINABALU,A
88526,SB,KOTA KINABALU,A
88527,SB,KOTA KINABALU,A
88532,SB,KOTA KINABALU,A
88534,SB,KOTA KINABALU,A
88538,SB,KOTA KINABALU,A
88540,SB,KOTA KINABALU,A
88546,SB,KOTA KINABALU,A
88550,SB,KOTA KINABALU,A
88551,SB,KOTA KINABALU,A
88552,SB,KOTA KINABALU,A
88554,SB,KOTA KINABALU,A
88556,SB,KOTA KINABALU,A
88558,SB,KOTA KINABALU,A
88560,SB,KOTA KINABALU,A
88562,SB,KOTA KINABALU,A
88564,SB,KOTA KINABALU,A
88566,SB,KOTA KINABALU,A
88568,SB,KOTA KINABALU,A
88570,SB,KOTA KINABALU,A
88572,SB,KOTA KINABALU,A
88576,SB,KOTA KINABALU,A
88580,SB,KOTA KINABALU,A
88582,SB,KOTA KINABALU,A
88586,SB,KOTA KINABALU,A
88590,SB,KOTA KINABALU,A
88592,SB,KOTA KINABALU,A
88594,SB,KOTA KINABALU,A
88596,SB,KOTA KINABALU,A
88598,SB,KOTA KINABALU,A
88600,SB,KOTA KINABALU,A
88602,SB,KOTA KINABALU,A
88604,SB,KOTA KINABALU,A
88606,SB,KOTA KINABALU,A
88608,SB,KOTA KINABALU,A
88609,SB,KOTA KINABALU,A
88610,SB,KOTA KINABALU,A
88612,SB,KOTA KINABALU,A
88614,SB,KOTA KINABALU,A
88617,SB,KOTA KINABALU,A
88618,SB,KOTA KINABALU,A
88620,SB,KOTA KINABALU,A
88621,SB,KOTA KINABALU,A
88622,SB,KOTA KINABALU,A
88624,SB,KOTA KINABALU,A
88626,SB,KOTA KINABALU,A
88628,SB,KOTA KINABALU,A
88630,SB,KOTA KINABALU,A
88632,SB,KOTA KINABALU,A
88634,SB,KOTA KINABALU,A
88644,SB,KOTA KINABALU,A
88646,SB,KOTA KINABALU,A
88648,SB,KOTA KINABALU,A
88656,SB,KOTA KINABALU,A
88658,SB,KOTA KINABALU,A
88660,SB,KOTA KINABALU,A
88661,SB,KOTA KINABALU,A
88662,SB,KOTA KINABALU,A
88670,SB,KOTA KINABALU,A
88672,SB,KOTA KINABALU,A
88673,SB,KOTA KINABALU,A
88675,SB,KOTA KINABALU,A
88676,SB,KOTA KINABALU,A
88680,SB,KOTA KINABALU,A
88690,SB,KOTA KINABALU,A
88757,SB,KOTA KINABALU,A
88758,SB,KOTA KINABALU,A
88759,SB,KOTA KINABALU,A
88760,SB,KOTA KINABALU,A
88761,SB,KOTA KINABALU,A
88762,SB,KOTA KINABALU,A
88763,SB,KOTA KINABALU,A
88764,SB,KOTA KINABALU,A
88765,SB,KOTA KINABALU,A
88766,SB,KOTA KINABALU,A
88767,SB,KOTA KINABALU,A
88768,SB,KOTA KINABALU,A
88769,SB,KOTA KINABALU,A
88770,SB,KOTA KINABALU,A
88771,SB,KOTA KINABALU,A
88772,SB,KOTA KINABALU,A
88773,SB,KOTA KINABALU,A
88774,SB,KOTA KINABALU,A
88775,SB,KOTA KINABALU,A
88776,SB,KOTA KINABALU,A
88777,SB,KOTA KINABALU,A
88778,SB,KOTA KINABALU,A
88779,SB,KOTA KINABALU,A
88780,SB,KOTA KINABALU,A
88781,SB,KOTA KINABALU,A
88782,SB,KOTA KINABALU,A
88783,SB,KOTA KINABALU,A
88784,SB,KOTA KINABALU,A
88785,SB,KOTA KINABALU,A
88786,SB,KOTA KINABALU,A
88787,SB,KOTA KINABALU,A
88788,SB,KOTA KINABALU,A
88789,SB,KOTA KINABALU,A
88790,SB,KOTA KINABALU,A
88800,SB,KOTA KINABALU,A
88801,SB,KOTA KINABALU,A
88802,SB,KOTA KINABALU,A
88803,SB,KOTA KINABALU,A
88804,SB,KOTA KINABALU,A
88805,SB,KOTA KINABALU,A
88806,SB,KOTA KINABALU,A
88807,SB,KOTA KINABALU,A
88808,SB,KOTA KINABALU,A
88809,SB,KOTA KINABALU,A
88810,SB,KOTA KINABALU,A
88811,SB,KOTA KINABALU,A
88812,SB,KOTA KINABALU,A
88813,SB,KOTA KINABALU,A
88814,SB,KOTA KINABALU,A
88815,SB,KOTA KINABALU,A
88816,SB,KOTA KINABALU,A
88817,SB,KOTA KINABALU,A
88818,SB,KOTA KINABALU,A
88819,SB,KOTA KINABALU,A
88820,SB,KOTA KINABALU,A
88821,SB,KOTA KINABALU,A
88822,SB,KOTA KINABALU,A
88823,SB,KOTA KINABALU,A
88824,SB,KOTA KINABALU,A
88825,SB,KOTA KINABALU,A
88826,SB,KOTA KINABALU,A
88827,SB,KOTA KINABALU,A
88828,SB,KOTA KINABALU,A
88829,SB,KOTA KINABALU,A
88830,SB,KOTA KINABALU,A
88831,SB,KOTA KINABALU,A
88832,SB,KOTA KINABALU,A
88833,SB,KOTA KINABALU,A
88834,SB,KOTA KINABALU,A
88835,SB,KOTA KINABALU,A
88836,SB,KOTA KINABALU,A
88837,SB,KOTA KINABALU,A
88838,SB,KOTA KINABALU,A
88839,SB,KOTA KINABALU,A
88840,SB,KOTA KINABALU,A
88841,SB,KOTA KINABALU,A
88842,SB,KOTA KINABALU,A
88843,SB,KOTA KINABALU,A
88844,SB,KOTA KINABALU,A
88845,SB,KOTA KINABALU,A
88846,SB,KOTA KINABALU,A
88847,SB,KOTA KINABALU,A
88848,SB,KOTA KINABALU,A
88849,SB,KOTA KINABALU,A
88850,SB,KOTA KINABALU,A
88851,SB,KOTA KINABALU,A
88852,SB,KOTA KINABALU,A
88853,SB,KOTA KINABALU,A
88854,SB,KOTA KINABALU,A
88855,SB,KOTA KINABALU,A
88859,SB,KOTA KINABALU,A
88860,SB,KOTA KINABALU,A
88861,SB,KOTA KINABALU,A
88862,SB,KOTA KINABALU,A
88863,SB,KOTA KINABALU,A
88865,SB,KOTA KINABALU,A
88866,SB,KOTA KINABALU,A
88867,SB,KOTA KINABALU,A
88868,SB,KOTA KINABALU,A
88869,SB,KOTA KINABALU,A
88870,SB,KOTA KINABALU,A
88871,SB,KOTA KINABALU,A
88900,SB,KOTA KINABALU,A
88901,SB,KOTA KINABALU,A
88902,SB,KOTA KINABALU,A
88903,SB,KOTA KINABALU,A
88904,SB,KOTA KINABALU,A
88905,SB,KOTA KINABALU,A
88906,SB,KOTA KINABALU,A
88988,SB,KOTA KINABALU,A
88990,SB,KOTA KINABALU,A
88991,SB,KOTA KINABALU,A
88992,SB,KOTA KINABALU,A
88993,SB,KOTA KINABALU,A
88994,SB,KOTA KINABALU,A
88995,SB,KOTA KINABALU,A
88996,SB,KOTA KINABALU,A
88997,SB,KOTA KINABALU,A
88998,SB,KOTA KINABALU,A
88999,SB,KOTA KINABALU,A
89000,SB,KENINGAU,A
89007,SB,KENINGAU,A
89008,SB,KENINGAU,A
89009,SB,KENINGAU,A
89050,SB,KUDAT,A
89057,SB,KUDAT,A
89058,SB,KUDAT,A
89059,SB,KUDAT,A
89100,SB,KOTA MARUDU,A
89107,SB,KOTA MARUDU,A
89108,SB,KOTA MARUDU,A
89109,SB,KOTA MARUDU,A
89150,SB,KOTA BELUD,A
89157,SB,KOTA BELUD,A
89158,SB,KOTA BELUD,A
89159,SB,KOTA BELUD,A
89200,SB,TUARAN,A
89207,SB,TUARAN,A
89208,SB,TUARAN,A
89209,SB,TUARAN,A
89250,SB,TAMPARULI,A
89257,SB,TAMPARULI,A
89258,SB,TAMPARULI,A
89259,SB,TAMPARULI,A
89300,SB,RANAU,A
89307,SB,RANAU,A
89308,SB,RANAU,A
89309,SB,RANAU,A
89357,SB,KOTA KINABALU,A
89500,SB,PENAMPANG,A
89507,SB,PENAMPANG,A
89508,SB,PENAMPANG,A
89509,SB,PENAMPANG,A
89600,SB,PAPAR,A
89607,SB,PAPAR,A
89608,SB,PAPAR,A
89609,SB,PAPAR,A
89650,SB,TAMBUNAN,A
89657,SB,TAMBUNAN,A
89658,SB,TAMBUNAN,A
89659,SB,TAMBUNAN,A
89707,SB,BONGAWAN,A
89708,SB,BONGAWAN,A
89709,SB,BONGAWAN,A
89720,SB,MEMBAKUT,A
89727,SB,MEMBAKUT,A
89728,SB,MEMBAKUT,A
89729,SB,MEMBAKUT,A
89740,SB,KUALA PENYU,A
89747,SB,KUALA PENYU,A
89748,SB,KUALA PENYU,A
89749,SB,KUALA PENYU,A
89760,SB,MENUMBOK,A
89767,SB,MENUMBOK,A
89768,SB,MENUMBOK,A
89769,SB,MENUMBOK,A
89800,SB,BEAUFORT,A
89807,SB,BEAUFORT,A
89808,SB,BEAUFORT,A
89809,SB,BEAUFORT,A
89850,SB,SIPITANG,A
89857,SB,SIPITANG,A
89858,SB,SIPITANG,A
89859,SB,SIPITANG,A
89900,SB,TENOM,A
89907,SB,TENOM,A
89908,SB,TENOM,A
89909,SB,TENOM,A
89950,SB,NABAWAN,A
89957,SB,NABAWAN,A
89958,SB,NABAWAN,A
89959,SB,NABAWAN,A
90000,SB,SANDAKAN,A
90009,SB,SANDAKAN,A
90100,SB,BELURAN,A
90107,SB,BELURAN,A
90109,SB,BELURAN,A
90200,SB,KOTA KINABATANGAN,A
90300,SB,SANDAKAN,A
90307,SB,SANDAKAN,A
90400,SB,PAMOL,A
90700,SB,SANDAKAN,A
90701,SB,SANDAKAN,A
90702,SB,SANDAKAN,A
90703,SB,SANDAKAN,A
90704,SB,SANDAKAN,A
90705,SB,SANDAKAN,A
90706,SB,SANDAKAN,A
90707,SB,SANDAKAN,A
90708,SB,SANDAKAN,A
90709,SB,SANDAKAN,A
90711,SB,SANDAKAN,A
90712,SB,SANDAKAN,A
90713,SB,SANDAKAN,A
90714,SB,SANDAKAN,A
90715,SB,SANDAKAN,A
90716,SB,SANDAKAN,A
90717,SB,SANDAKAN,A
90718,SB,SANDAKAN,A
90719,SB,SANDAKAN,A
90720,SB,SANDAKAN,A
90721,SB,SANDAKAN,A
90722,SB,SANDAKAN,A
90723,SB,SANDAKAN,A
90724,SB,SANDAKAN,A
90725,SB,SANDAKAN,A
90726,SB,SANDAKAN,A
90727,SB,SANDAKAN,A
90728,SB,SANDAKAN,A
90729,SB,SANDAKAN,A
90730,SB,SANDAKAN,A
90731,SB,SANDAKAN,A
90732,SB,SANDAKAN,A
90733,SB,SANDAKAN,A
90734,SB,SANDAKAN,A
90735,SB,SANDAKAN,A
90736,SB,SANDAKAN,A
90737,SB,SANDAKAN,A
90738,SB,SANDAKAN,A
90739,SB,SANDAKAN,A
90740,SB,SANDAKAN,A
90741,SB,SANDAKAN,A
91000,SB,TAWAU,A
91007,SB,TAWAU,A
91008,SB,TAWAU,A
91009,SB,TAWAU,A
91010,SB,TAWAU,A
91011,SB,TAWAU,A
91012,SB,TAWAU,A
91013,SB,TAWAU,A
91014,SB,TAWAU,A
91015,SB,TAWAU,A
91016,SB,TAWAU,A
91017,SB,TAWAU,A
91018,SB,TAWAU,A
91019,SB,TAWAU,A
91020,SB,TAWAU,A
91021,SB,TAWAU,A
91022,SB,TAWAU,A
91023,SB,TAWAU,A
91024,SB,TAWAU,A
91025,SB,TAWAU,A
91026,SB,TAWAU,A
91027,SB,TAWAU,A
91028,SB,TAWAU,A
91029,SB,TAWAU,A
91030,SB,TAWAU,A
91031,SB,TAWAU,A
91032,SB,TAWAU,A
91033,SB,TAWAU,A
91034,SB,TAWAU,A
91035,SB,TAWAU,A
91100,SB,LAHAD DATU,A
91109,SB,LAHAD DATU,A
91110,SB,LAHAD DATU,A
91111,SB,LAHAD DATU,A
91112,SB,LAHAD DATU,A
91113,SB,LAHAD DATU,A
91114,SB,LAHAD DATU,A
91115,SB,LAHAD DATU,A
91116,SB,LAHAD DATU,A
91117,SB,LAHAD DATU,A
91118,SB,LAHAD DATU,A
91119,SB,LAHAD DATU,A
91120,SB,LAHAD DATU,A
91121,SB,LAHAD DATU,A
91122,SB,LAHAD DATU,A
91123,SB,LAHAD DATU,A
91124,SB,LAHAD DATU,A
91125,SB,LAHAD DATU,A
91126,SB,LAHAD DATU,A
91127,SB,LAHAD DATU,A
91200,SB,KUNAK,A
91207,SB,KUNAK,A
91209,SB,KUNAK,A
91300,SB,SEMPORNA,A
91307,SB,SEMPORNA,A
91308,SB,SEMPORNA,A
91309,SB,SEMPORNA,A
93000,SR,KUCHING,A
93010,SR,KUCHING,A
93030,SR,KUCHING,A
93050,SR,KUCHING,A
93100,SR,KUCHING,A
93150,SR,KUCHING,A
93200,SR,KUCHING,A
93250,SR,KUCHING,A
93300,SR,KUCHING,A
93350,SR,KUCHING,A
93400,SR,KUCHING,A
93450,SR,KUCHING,A
93500,SR,KUCHING,A
93502,SR,KUCHING,A
93503,SR,KUCHING,A
93504,SR,KUCHING,A
93505,SR,KUCHING,A
93506,SR,KUCHING,A
93507,SR,KUCHING,A
93508,SR,KUCHING,A
93514,SR,KUCHING,A
93516,SR,KUCHING,A
93517,SR,KUCHING,A
93518,SR,KUCHING,A
93519,SR,KUCHING,A
93520,SR,KUCHING,A
93527,SR,KUCHING,A
93529,SR,KUCHING,A
93532,SR,KUCHING,A
93540,SR,KUCHING,A
93550,SR,KUCHING,A
93551,SR,KUCHING,A
93552,SR,KUCHING,A
93554,SR,KUCHING,A
93556,SR,KUCHING,A
93558,SR,KUCHING,A
93560,SR,KUCHING,A
93564,SR,KUCHING,A
93566,SR,KUCHING,A
93570,SR,KUCHING,A
93572,SR,KUCHING,A
93576,SR,KUCHING,A
93578,SR,KUCHING,A
93582,SR,KUCHING,A
93586,SR,KUCHING,A
93590,SR,KUCHING,A
93592,SR,KUCHING,A
93594,SR,KUCHING,A
93596,SR,KUCHING,A
93600,SR,KUCHING,A
93604,SR,KUCHING,A
93606,SR,KUCHING,A
93608,SR,KUCHING,A
93609,SR,KUCHING,A
93610,SR,KUCHING,A
93612,SR,KUCHING,A
93614,SR,KUCHING,A
93618,SR,KUCHING,A
93619,SR,KUCHING,A
93620,SR,KUCHING,A
93626,SR,KUCHING,A
93628,SR,KUCHING,A
93632,SR,KUCHING,A
93634,SR,KUCHING,A
93648,SR,KUCHING,A
93658,SR,KUCHING,A
93660,SR,KUCHING,A
93661,SR,KUCHING,A
93662,SR,KUCHING,A
93668,SR,KUCHING,A
93670,SR,KUCHING,A
93672,SR,KUCHING,A
93675,SR,KUCHING,A
93690,SR,KUCHING,A
93700,SR,KUCHING,A
93702,SR,KUCHING,A
93704,SR,KUCHING,A
93706,SR,KUCHING,A
93708,SR,KUCHING,A
93710,SR,KUCHING,A
93712,SR,KUCHING,A
93714,SR,KUCHING,A
93716,SR,KUCHING,A
93718,SR,KUCHING,A
93720,SR,KUCHING,A
93722,SR,KUCHING,A
93724,SR,KUCHING,A
93726,SR,KUCHING,A
93728,SR,KUCHING,A
93730,SR,KUCHING,A
93732,SR,KUCHING,A
93734,SR,KUCHING,A
93736,SR,KUCHING,A
93738,SR,KUCHING,A
93740,SR,KUCHING,A
93742,SR,KUCHING,A
93744,SR,KUCHING,A
93746,SR,KUCHING,A
93748,SR,KUCHING,A
93750,SR,KUCHING,A
93752,SR,KUCHING,A
93754,SR,KUCHING,A
93756,SR,KUCHING,A
93758,SR,KUCHING,A
93760,SR,KUCHING,A
93762,SR,KUCHING,A
93764,SR,KUCHING,A
93808,SR,KUCHING,A
93900,SR,KUCHING,A
93902,SR,KUCHING,A
93904,SR,KUCHING,A
93906,SR,KUCHING,A
93908,SR,KUCHING,A
93910,SR,KUCHING,A
93912,SR,KUCHING,A
93914,SR,KUCHING,A
93916,SR,KUCHING,A
93990,SR,KUCHING,A
94000,SR,BAU,A
94007,SR,BAU,A
94009,SR,BAU,A
94200,SR,KUCHING,A
94300,SR,KOTA SAMARAHAN,A
94500,SR,LUNDU,A
94507,SR,LUNDU,A
94509,SR,LUNDU,A
94600,SR,ASAJAYA,A
94650,SR,KABONG,A
94700,SR,SERIAN,A
94707,SR,SERIAN,A
94709,SR,SERIAN,A
94750,SR,SERIAN,A
94760,SR,SERIAN,A
94800,SR,SIMUNJAN,A
94807,SR,SIMUNJAN,A
94809,SR,SIMUNJAN,A
94850,SR,SEBUYAU,A
94900,SR,LINGGA,A
94950,SR,PUSA,A
95000,SR,SRI AMAN,A
95007,SR,SRI AMAN,A
95008,SR,SRI AMAN,A
95009,SR,SRI AMAN,A
95300,SR,ROBAN,A
95400,SR,SARATOK,A
95407,SR,SARATOK,A
95409,SR,SARATOK,A
95500,SR,DEBAK,A
95600,SR,SPAOH,A
95700,SR,BETONG,A
95707,SR,BETONG,A
95709,SR,BETONG,A
95800,SR,ENGKILILI,A
95900,SR,LUBOK ANTU,A
96000,SR,SIBU,A
96007,SR,SIBU,A
96008,SR,SIBU,A
96009,SR,SIBU,A
96100,SR,SARIKEI,A
96107,SR,SARIKEI,A
96108,SR,SARIKEI,A
96109,SR,SARIKEI,A
96150,SR,BELAWAI,A
96200,SR,DARO,A
96250,SR,MATU,A
96300,SR,DALAT,A
96307,SR,DALAT,A
96309,SR,DALAT,A
96350,SR,BALINGIAN,A
96400,SR,MUKAH,A
96410,SR,MUKAH,A
96500,SR,BINTANGOR,A
96507,SR,BINTANGOR,A
96508,SR,BINTANGOR,A
96509,SR,BINTANGOR,A
96510,SR,BINTANGOR,A
96600,SR,JULAU,A
96700,SR,KANOWIT,A
96707,SR,KANOWIT,A
96709,SR,KANOWIT,A
96800,SR,KAPIT,A
96807,SR,KAPIT,A
96809,SR,KAPIT,A
96850,SR,SONG,A
96900,SR,BELAGA,A
97000,SR,BINTULU,A
97007,SR,BINTULU,A
97008,SR,BINTULU,A
97009,SR,BINTULU,A
97010,SR,BINTULU,A
97011,SR,BINTULU,A
97012,SR,BINTULU,A
97013,SR,BINTULU,A
97014,SR,BINTULU,A
97015,SR,BINTULU,A
97100,SR,SEBAUH,A
97200,SR,TATAU,A
97300,SR,BINTULU,A
98000,SR,MIRI,A
98007,SR,MIRI,A
98008,SR,MIRI,A
98009,SR,MIRI,A
98050,SR,BARAM,A
98057,SR,BARAM,A
98058,SR,BARAM,A
98059,SR,BARAM,A
98100,SR,LUTONG,A
98107,SR,LUTONG,A
98109,SR,LUTONG,A
98150,SR,BEKENU,A
98157,SR,BEKENU,A
98159,SR,BEKENU,A
98200,SR,NIAH,A
98300,SR,LONG LAMA,A
98700,SR,LIMBANG,A
98707,SR,LIMBANG,A
98708,SR,LIMBANG,A
98709,SR,LIMBANG,A
98750,SR,NANGA MEDAMIT,A
98800,SR,SUNDAR,A
98850,SR,LAWAS,A
98857,SR,LAWAS,A
98859,SR,LAWAS,A
BAY,SA,ROAD,A
BC4115,BD,Bandar,A
BE3978,BD,BANDAR,A
BG3122,BD,BANDAR,A
M130YS,OT,MANCHESTER,A
NAJMA,DO,STREET,A
NOR,PT,TH,A
POKYAT,SH,ESTATE,A
SHA,KW,WAN,A
TU,DO,ROUNDABOUT,A